CST3,NKG7,PPBP
-0.152189,-0.954150,-0.656956
-0.035645,-1.207684,0.283703
-0.084508,0.064473,-0.379397
2.948673,1.944134,0.498153
-0.200577,-0.174924,2.398677
-0.146075,-0.636003,-0.564654
-0.176085,-1.013345,1.299659
-0.161489,-0.916249,0.798230
-0.184741,-0.262531,0.786624
-0.218124,2.157495,-0.800577
-0.069904,-1.373333,-0.446937
-0.126326,-0.609285,-0.486291
-0.125054,-0.614715,-0.482816
-0.097879,1.467090,-0.440459
-0.207754,-0.425141,1.390668
-0.226950,-0.317620,-0.791632
-0.017907,1.318005,0.830588
-0.107398,-0.892313,-0.478954
0.000193,-1.526260,0.821649
-0.217746,-0.658308,-0.832648
-0.101835,-0.293866,-0.517390
-0.198839,-0.269819,-0.677943
-0.131220,1.094942,-0.578994
-0.130945,-0.599951,-0.501197
-0.189184,-0.447063,-0.681418
-0.121692,-0.944811,-0.542953
2.015425,0.917945,0.754769
-0.080099,-1.078021,-0.419518
-0.115432,-0.878945,-0.505510
-0.086624,-0.312489,-0.597784
-0.212750,-0.299568,-0.735541
4.838724,-0.206614,-0.725246
-0.096219,1.373550,0.449773
-0.151981,0.852558,0.711816
-0.118993,1.924455,-0.517667
-0.124436,-0.921180,-0.547838
-0.129913,2.261483,0.481913
-0.112148,1.411856,-0.517670
-0.115893,-1.043466,-0.543325
-0.118314,-0.752323,1.941637
-0.142615,-0.778408,1.717616
-0.079565,-0.164061,0.483232
-0.141874,-0.599050,-0.541119
-0.119778,-0.814894,-0.507398
-0.168035,-0.847630,-0.691734
-0.153741,-0.383124,-0.537270
-0.113068,-0.676944,-0.452479
-0.148214,1.788329,-0.602677
-0.131618,-0.925014,-0.575042
-0.089252,1.126254,-0.497677
-0.233316,2.057362,-0.810315
-0.036529,0.772007,-0.401576
-0.075910,1.196388,-0.469599
-0.128935,-0.598280,-0.493452
-0.167775,-1.025256,-0.729784
-0.128039,-0.862347,-0.548145
-0.152264,1.908508,0.455640
-0.082875,-1.032894,-0.419800
2.380685,0.675093,-0.514245
0.035817,0.592584,0.831501
-0.133866,-0.974309,-0.594118
-0.127112,-0.983308,-0.571303
-0.236882,-0.870718,2.199023
-0.157604,1.573209,-0.592718
-0.145366,-0.544574,0.598045
-0.024394,0.831282,0.441253
-0.149837,-0.572451,-0.564510
-0.122302,-0.927502,-0.541389
-0.124517,-1.042061,-0.574677
-0.103896,0.087473,-0.453589
-0.136262,-0.838911,-0.573184
-0.155192,-0.511190,2.341064
-0.198901,-0.594086,-0.749369
-0.151649,-0.689700,2.376681
-0.123466,-0.985472,-0.558393
-0.156729,-0.677424,-0.612860
-0.183013,0.593920,-0.695104
-0.151932,-0.487617,0.625225
-0.107162,-0.838048,-0.466171
-0.144486,1.349715,-0.646916
-0.145956,2.052163,-0.555330
-0.190804,-0.874061,1.241580
-0.201508,1.912949,-0.733953
-0.139739,-0.500699,-0.511685
-0.145221,1.500650,0.870990
-0.151344,-0.863913,-0.634039
-0.169050,-0.631649,-0.648039
-0.213494,-0.142120,-0.703700
-0.189390,-0.473361,-0.687948
-0.202270,-0.333533,0.779056
-0.132468,-0.613762,-0.509819
-0.150023,1.462711,-0.620220
-0.194031,-0.442416,-0.698192
-0.224052,-0.364108,-0.791199
-0.097646,1.216350,-0.456322
-0.083011,0.983556,0.256838
-0.148952,-0.627319,-0.573310
-0.046097,1.455037,-0.325886
-0.128207,1.310696,-0.576372
-0.101311,1.622541,-0.468308
-0.151402,-0.811332,2.603060
-0.238199,1.428145,-0.831700
-0.138946,-0.848808,-0.585211
-0.153642,-0.733025,2.179914
-0.171500,-0.490241,2.029028
-0.106042,-1.167895,-0.534486
-0.194012,0.073541,2.100386
0.049012,-2.053780,-0.159812
-0.112114,0.154389,-0.474630
0.109398,0.652475,0.033202
-0.175969,1.884524,-0.623221
-0.140623,-0.519094,-0.518970
-0.237008,-0.550634,1.404191
3.530111,-0.535952,-0.619701
-0.208255,2.076487,-0.726228
-0.149896,1.839831,0.557191
-0.095396,-0.050655,-0.445171
-0.182471,-0.443225,-0.655930
-0.066814,1.026358,-0.375922
-0.184048,-0.987701,0.366561
-0.139939,0.614012,2.229078
-0.172447,1.663309,-0.670858
-0.168909,-0.543338,-0.628130
-0.146193,-0.848683,1.681624
-0.156176,-1.162617,-0.717365
-0.195591,-0.101763,-0.629121
-0.168370,1.707931,-0.645807
-0.208275,0.036643,-0.645293
-0.171420,-0.526378,2.417166
-0.092771,-1.021299,-0.453581
-0.189837,-0.560638,-0.708752
-0.086694,-1.058529,-0.439448
-0.098737,-1.123540,-0.497930
-0.182444,-0.770231,2.210424
-0.181715,-0.508231,-0.667430
-0.141654,1.884138,-0.572318
-0.107697,-1.215670,-0.551052
-0.125306,-0.949860,-0.557326
-0.169732,-0.392570,-0.598048
-0.187753,-0.513343,-0.690717
-0.085891,-0.992589,-0.422019
-0.158537,-0.390229,2.075922
-0.167707,-0.568647,2.564358
-0.108152,-0.850126,-0.472459
-0.189140,0.274073,2.155148
-0.190885,-0.510626,1.287512
-0.110781,0.125619,-0.474524
-0.144325,-0.878231,-0.611415
2.998195,1.805394,-0.584957
-0.161307,0.747599,2.586690
-0.163781,-0.652085,1.988168
-0.164008,-0.598706,-0.622294
-0.129040,-0.826029,-0.543847
-0.102338,-0.173849,-0.496555
-0.081436,1.474437,0.422100
-0.135140,-0.487449,-0.491897
-0.144179,-0.631911,-0.556795
-0.171523,-0.514310,2.488923
-0.145359,-0.394151,2.473107
-0.103209,1.421047,1.898664
-0.109122,0.076296,-0.476944
-0.036030,1.147344,-0.340119
-0.148692,0.330127,-0.594012
-0.157887,1.344671,-0.684975
-0.169262,-0.723668,0.502532
-0.111238,-0.139945,-0.526102
-0.148374,-0.707801,-0.588857
-0.236052,-0.898652,0.453663
-0.242242,-0.898967,0.467369
-0.161340,-0.802155,-0.657173
-0.084922,-0.731477,-0.361130
-0.086479,-1.011184,-0.428263
-0.120923,-0.876441,-0.525118
-0.101037,1.517303,0.867155
-0.120745,-0.811469,-0.510199
-0.028662,1.037023,0.446939
-0.118211,-0.681614,-0.472384
-0.068655,-0.930870,0.533642
-0.195635,-0.828309,-0.788811
-0.175102,0.521986,-0.672879
-0.073670,0.608011,-0.482542
-0.156736,-0.584261,-0.592430
-0.165168,-0.729892,-0.655358
-0.060751,0.958447,-0.426432
-0.224767,1.067499,-0.811617
-0.151341,-0.855308,1.984297
-0.136110,0.296307,2.260654
-0.151123,0.442931,-0.584372
-0.065973,0.870960,0.671026
-0.247969,-0.721394,-0.957447
-0.213354,-0.941598,-0.878730
-0.135422,-0.651693,-0.528994
-0.188092,-0.845754,-0.764951
-0.153313,-0.724264,1.818679
-0.164141,-0.576539,3.003248
-0.161371,0.417618,2.073853
-0.161190,0.730262,1.608315
-0.160425,-0.471290,2.329319
-0.177688,-0.412498,-0.631626
-0.167271,0.302338,0.467888
-0.163837,1.511294,-0.708962
-0.073246,-1.163832,1.193273
-0.138866,-0.687969,1.763909
-0.168346,-0.882823,1.367668
-0.146104,-0.463177,-0.526812
-0.205612,2.221114,-0.709242
-0.034804,0.577699,0.432360
-0.108031,-0.708775,-0.440977
-0.164409,-0.912847,1.039516
-0.154787,0.663437,2.021407
-0.214187,1.114046,-0.755736
-0.141719,0.600701,2.306672
-0.138955,-0.547278,-0.519034
-0.182806,-1.053431,0.965544
-0.216538,-0.353368,-0.761259
-0.148671,1.944828,0.487682
-0.132280,1.510582,-0.547904
-0.139376,-0.556224,0.595050
-0.162321,-0.818873,-0.664444
-0.145091,-0.512680,-0.533965
-0.110191,-0.850245,-0.479969
-0.066424,1.165551,-0.383264
-0.145101,0.504412,-0.548235
-0.204562,-0.677389,-0.788442
-0.104234,0.147102,-0.443822
-0.197287,-0.321312,-0.683554
-0.126601,-0.747758,-0.517706
-0.169334,0.800784,1.578850
-0.165640,-0.699485,0.515367
-0.181383,-0.919041,-0.756412
-0.122586,-0.735905,-0.500363
-0.192344,-0.788181,-0.767919
-0.080377,0.900061,-0.504017
-0.120765,-0.594764,-0.462689
-0.210236,2.076405,-0.775576
-0.085170,-1.084664,-0.439591
-0.105375,-0.659259,-0.420355
-0.177408,-0.527072,-0.655755
-0.176032,-0.564533,2.155923
-0.071707,1.446849,-0.384834
-0.096467,-0.803743,-0.419379
-0.173265,-0.786751,-0.697565
-0.221816,2.364561,-0.799569
-0.223793,-0.346678,-0.786422
10.000000,2.194303,-0.716271
-0.130572,1.628483,-0.614367
-0.137650,-0.747372,-0.558182
0.021440,0.496701,-0.205523
-0.111608,-0.531640,-0.415215
-0.197558,-0.640516,-0.754635
-0.133252,-0.473935,-0.481996
0.058602,-0.304596,0.545187
-0.176098,-0.587229,0.576044
-0.195904,-0.369147,-0.688978
-0.124878,1.481731,0.403388
-0.199808,1.812200,0.585312
-0.156101,-0.542259,-0.580875
-0.166814,-0.646252,-0.643037
-0.209440,-0.482820,-0.763628
-0.064458,0.725826,-0.442028
-0.124189,-0.618436,-0.480456
-0.178193,-0.671767,-0.690410
-0.174285,-0.623159,-0.665390
-0.175072,-0.804036,0.854029
9.465528,1.393745,0.482820
-0.178610,-0.752970,2.814135
-0.108251,1.804646,0.429455
-0.067690,1.054938,-0.480931
-0.067965,1.428753,-0.388869
-0.163300,1.363704,2.612367
7.508358,-1.056257,0.718009
-0.206974,-0.076889,-0.665442
0.081678,-2.520402,-0.142355
-0.053460,1.345420,-0.376391
-0.173367,-0.824156,1.085639
-0.113469,-0.837877,-0.489286
-0.153381,0.167278,-0.642581
0.152898,0.441183,0.128837
-0.127433,-0.974854,-0.570625
-0.110768,-1.051390,-0.526253
-0.194964,-0.370056,-0.685728
-0.070018,-1.094024,-0.386026
-0.164408,-0.327650,1.683125
-0.104383,1.548670,-0.488437
-0.147338,-0.729427,-0.589804
-0.124254,0.155855,-0.524114
-0.199739,-0.760359,1.457636
-0.207582,-0.495364,2.265571
-0.177208,-0.562699,-0.662845
-0.202564,2.906861,-0.597125
-0.150639,1.599311,0.488474
-0.136032,-0.494519,-0.496723
-0.209172,-0.395810,-0.743537
-0.134236,0.862400,-0.616738
-0.137831,-0.791445,-0.568524
-0.132047,-0.883625,-0.567531
-0.146597,-0.624289,1.937573
-0.150392,-0.882755,-0.634682
-0.155354,0.322258,-0.623351
-0.148417,1.033478,2.610353
-0.149279,-0.666512,2.769718
3.216551,1.307644,-0.768530
-0.140125,1.640281,-0.620902
-0.188114,0.545714,-0.725187
-0.101882,-0.958261,-0.473184
-0.146591,-0.856387,-0.614938
-0.130229,-0.796753,-0.541782
-0.175851,-0.715522,0.506584
-0.166582,-0.677668,2.081636
-0.251625,0.970231,-0.952033
-0.202862,-0.424496,1.556022
-0.177575,1.983813,-0.681264
-0.177415,-1.004826,-0.760684
-0.165714,-0.668987,-0.643988
-0.140135,-0.594976,0.576198
-0.151179,-0.784833,-0.616071
-0.143415,0.629333,-0.519353
-0.164508,-0.542012,-0.611684
-0.153116,-0.724717,-0.609982
-0.169729,2.757835,-0.661749
-0.175577,-0.403895,-0.621991
-0.148399,1.450928,-0.676352
-0.098429,1.501025,-0.499943
-0.058414,-1.242736,2.418463
-0.200647,1.692285,-0.790126
-0.186886,-0.597931,-0.706110
0.008342,1.436451,0.945268
-0.125274,-0.829577,0.862058
-0.102745,1.638771,-0.459026
-0.169229,-0.890745,2.302016
-0.141341,-0.590651,-0.537319
-0.230728,-0.637720,2.124053
-0.155608,-0.565749,-0.584224
-0.148487,-0.688253,-0.584982
-0.176750,-1.061427,1.876303
-0.197517,1.720677,-0.728050
-0.174043,0.558569,2.517729
-0.197107,1.257922,-0.656292
-0.111076,1.740660,0.508845
-0.134156,-0.684786,-0.531614
-0.188628,-0.302312,1.178550
-0.130758,1.301962,-0.554540
-0.148487,-0.688253,-0.584982
-0.178696,-0.692176,-0.696738
-0.126150,-0.686120,-0.502517
-0.147423,-0.819906,-0.609982
-0.151194,-0.524297,0.999524
-0.076481,-0.253298,-0.408040
-0.172076,0.254561,1.599545
-0.143056,-0.655332,-0.557816
-0.130502,-0.442312,0.654114
-0.158810,-0.511538,-0.584074
-0.209872,2.226330,-0.728550
-0.095366,-0.198577,-0.473191
-0.163336,2.029412,-0.602989
-0.153299,2.234951,0.646241
-0.211456,-0.551161,-0.786032
0.042174,-1.231148,-0.139918
-0.119606,-0.872743,-0.519469
-0.184308,0.233732,1.480597
-0.072406,1.261100,-0.403896
-0.053573,-0.467965,0.453448
-0.147421,-0.611504,1.944490
-0.202445,0.266050,2.212094
-0.177650,-0.538590,2.593409
-0.099955,-1.044194,1.979420
-0.039570,-0.741613,-0.357994
-0.214993,1.882191,-0.813713
-0.180946,-0.580681,-0.680514
-0.147790,-0.783468,-0.603329
-0.129457,1.619854,-0.596633
-0.088074,1.274084,-0.426480
-0.118114,-0.616680,-0.457771
0.000811,-1.940243,1.393350
-0.184837,-0.245623,2.281885
3.310111,-0.543709,-0.542671
-0.210399,-0.936969,-0.866867
-0.153908,0.541257,-0.579071
-0.088645,1.036386,-0.505111
-0.174151,0.728721,-0.634453
4.929327,2.103007,-0.586409
-0.107278,1.266325,-0.515799
-0.191877,-0.228698,-0.643357
-0.128085,-0.611706,-0.493280
-0.091975,1.499569,-0.425965
-0.201003,-0.606406,-0.759793
-0.107056,-0.976629,0.449703
-0.155671,2.086631,-0.584416
-0.161213,0.592454,2.322514
-0.219458,1.092299,0.781080
-0.103946,-0.920636,-0.472502
-0.173678,-0.591026,-0.656108
-0.062699,-0.988603,-0.336011
-0.142712,0.609011,2.009789
-0.081490,-0.889445,-0.383216
-0.219130,-0.825525,-0.874445
-0.137633,-0.593965,-0.524434
-0.158115,1.885835,-0.594287
-0.129580,1.642917,0.474632
-0.121947,-1.133468,-0.585313
-0.112549,-0.904686,1.248993
-0.139197,-0.577825,-0.526631
-0.199745,-0.674789,-0.770187
-0.145069,0.842032,0.260207
-0.177369,1.210822,-0.779820
-0.185049,-0.855278,1.991470
-0.122657,-1.061248,-0.572063
-0.207057,-0.560331,-0.771900
-0.210417,-0.636504,-0.800958
-0.166119,-0.698672,-0.651995
-0.168584,1.967454,-0.685608
2.590251,-1.372998,-0.602883
-0.135922,0.352136,0.540203
0.015603,0.899608,-0.178227
-0.054582,0.556473,-0.465617
-0.180316,-0.485468,-0.657298
-0.131727,-0.809307,-0.550036
-0.071130,-1.069523,-0.384729
-0.163720,-0.641821,0.545013
-0.195723,-0.738037,-0.769313
-0.138938,-0.639374,2.631253
-0.179613,-0.235309,-0.823944
-0.129271,0.409927,-0.498720
-0.124847,0.423190,1.954061
-0.044900,1.263907,-0.321419
-0.096854,1.855240,-0.423926
-0.156055,0.704653,-0.560316
-0.195498,-0.605887,-0.739471
-0.067570,1.354481,-0.423756
-0.117088,0.395352,-0.450840
-0.159372,1.870037,-0.656590
-0.129955,1.620341,-0.581828
-0.160076,-0.951352,2.141700
-0.140758,-0.827127,-0.587100
-0.179869,-0.535204,-0.666577
-0.111951,-0.654757,-0.443506
-0.128516,-0.549398,-0.481180
-0.000251,1.476425,-0.262785
-0.149152,-0.666863,-0.582726
-0.178642,-0.617290,-0.680095
-0.145577,-0.637541,-0.563163
2.948812,1.272171,-0.722389
-0.105318,-0.915477,-0.476405
2.880961,0.909070,-0.465503
-0.167187,-0.613683,2.067510
-0.159888,1.944245,-0.592381
-0.124690,-0.806287,-0.523542
-0.163213,-0.673699,2.031192
-0.057274,-1.042340,0.516104
-0.141492,1.053799,-0.542248
-0.144506,-1.336221,-0.712643
-0.116210,-1.071123,0.398324
-0.146449,-0.634855,0.553792
-0.006493,1.193908,1.343449
-0.193579,-0.558689,-0.722060
-0.171113,-0.478863,2.335888
-0.110470,-0.241083,0.385137
-0.145040,-0.577713,0.582001
-0.179705,-0.498946,-0.658013
-0.166137,0.484594,2.405384
-0.185596,-0.276763,-0.630855
-0.119439,-0.799353,-0.502744
-0.163669,-0.473730,-0.593609
-0.148479,0.476361,-0.567380
-0.140336,-0.664030,-0.549741
-0.139852,0.415529,0.556956
-0.136640,0.610599,-0.559081
2.733469,1.984907,-0.486330
-0.133478,-0.829713,-0.560947
-0.116957,-0.766233,-0.486361
-0.121920,0.744221,0.284088
-0.141379,-0.727178,-0.567435
-0.243358,1.774696,-0.946977
-0.007834,-1.851555,0.369414
-0.145845,0.670550,-0.587222
-0.205464,-0.774976,-0.813180
-0.140829,0.385968,-0.551200
-0.169484,-0.872915,1.486629
-0.124428,0.229015,-0.511435
-0.146820,-0.374860,-0.510051
-0.078009,0.883123,-0.483345
-0.147836,-0.680317,1.683118
-0.171679,-0.769319,-0.687917
-0.116521,-0.733323,-0.477534
-0.138846,0.122002,-0.590426
-0.154977,-0.567573,0.584018
-0.036545,-1.183510,-0.282797
-0.147944,-0.467540,2.322941
-0.157454,-0.432211,-0.561680
-0.193019,0.815928,2.513157
-0.134605,-1.003300,-0.603196
-0.176676,-0.996771,1.170465
-0.128514,-0.517981,-0.474276
-0.140035,-0.776442,-0.573317
-0.181101,-0.150578,-0.586644
-0.168829,0.527896,-0.644965
-0.154911,0.576362,2.515046
-0.111101,-0.764282,-0.464434
-0.200667,-0.879192,1.499979
-0.157071,-0.408506,1.921940
-0.193696,-0.107200,-0.623357
-0.151290,-0.589211,-0.573522
-0.085537,0.561330,-0.471797
-0.214532,-0.943594,-0.883493
-0.154116,-0.796851,0.472642
-0.157285,1.888782,-0.616805
-0.143728,0.357681,1.580791
-0.172281,1.898361,-0.653921
-0.232135,-0.507397,-0.852336
-0.180740,-0.509665,1.590288
-0.122981,1.861155,-0.536507
-0.150066,-0.560974,-0.562832
-0.126032,-0.686578,-0.502182
-0.144523,-0.547615,-0.539549
-0.190786,1.852933,-0.677796
-0.172277,1.853274,-0.611696
-0.207513,-0.425059,-0.743869
-0.158080,-0.558777,-0.591766
-0.098666,-0.752537,-0.416209
-0.172864,-0.646754,2.774935
-0.205698,-0.480954,-0.749480
-0.157369,-0.515858,-0.579734
-0.134196,-0.703353,-0.535838
-0.097538,0.070363,-0.430985
-0.071031,-0.995988,-0.368216
3.703456,-0.489827,-0.648969
-0.212089,0.112125,1.840131
-0.149600,-0.583832,0.577252
-0.090525,1.408418,0.950587
-0.050410,0.806839,0.666608
-0.152283,-0.389139,-0.533240
-0.063245,-0.295485,2.465674
-0.087532,-1.006896,-0.431187
-0.226607,-0.521818,1.129233
-0.158321,-0.622611,1.505293
-0.109839,-0.819304,0.508537
-0.171521,0.631833,-0.639068
3.289505,0.488128,-0.564562
-0.187220,-0.550620,-0.696947
-0.129739,-0.501511,-0.475155
-0.185519,2.425896,-0.611769
-0.013688,0.631142,-0.358948
-0.135590,-0.753646,0.506725
4.418101,-0.955530,1.624194
10.000000,0.009801,-0.658122
-0.036231,0.791857,0.342107
-0.100135,0.194843,-0.418218
-0.198946,0.869630,-0.721663
-0.108563,2.262621,-0.453758
-0.116950,-1.097271,-0.559020
-0.070574,1.552324,-0.390389
-0.134473,-0.422224,0.662062
-0.128257,-1.083860,-0.597585
-0.184545,1.896436,-0.697932
-0.207936,-0.548208,1.991264
-0.113417,-0.917175,-0.506507
-0.196523,-0.520374,-0.724456
-0.120486,0.330938,2.480469
-0.151333,-0.630655,-0.582781
-0.181528,-0.856116,1.680479
-0.135827,-0.403526,-0.475990
-0.131265,0.221334,-0.541049
-0.135867,-0.306831,0.306017
-0.162275,1.337180,-0.681706
-0.188618,-0.685649,-0.731726
-0.105975,-0.177452,-0.511914
-0.111468,0.149879,0.515734
-0.192798,-0.706178,-0.751580
-0.090811,0.209122,-0.377620
-0.177080,-0.440295,-0.635499
-0.198628,2.103084,-0.729254
-0.162781,-1.005269,-0.707060
-0.190093,-0.432460,-0.681550
-0.120764,0.525307,-0.442625
-0.137242,-0.574927,-0.518820
-0.175190,1.737084,0.522359
-0.147198,-0.632573,-0.568025
-0.114410,1.205441,-0.516153
-0.055698,1.276558,0.393865
-0.200156,-0.739758,2.210579
0.071823,0.953693,0.494138
-0.146831,2.630883,-0.579897
-0.126875,-0.906193,-0.553499
-0.154885,2.046152,-0.613479
-0.181972,-0.678828,-0.705831
-0.120663,0.055792,-0.527852
-0.064420,-1.079996,0.488240
-0.246865,1.986401,-0.935815
-0.211381,1.910903,-0.745026
-0.215594,-0.581637,-0.807914
-0.188820,-0.499709,-0.691640
-0.207531,1.764976,-0.809589
-0.194683,1.510295,-0.841267
-0.034719,0.979673,0.420515
-0.181168,-0.545326,2.265983
-0.147692,0.395520,-0.578263
-0.162724,-0.800003,-0.661782
-0.120949,-0.884366,-0.526952
-0.163994,-0.788843,-0.663992
-0.123094,-0.623168,-0.477477
-0.095696,1.980863,-0.419081
-0.203950,1.961892,-0.703284
-0.143099,-0.703427,-0.568533
-0.215359,0.872285,-0.795563
-0.162377,-0.654944,-0.628656
-0.082237,1.533969,0.417014
-0.145577,0.430797,-0.563163
-0.150697,1.583763,-0.602355
-0.139015,-0.447152,1.039306
-0.113026,-0.704019,-0.458267
-0.144240,-0.631713,-0.556978
-0.040715,1.221300,0.788355
-0.172204,-0.825204,-0.702116
-0.161030,-0.539567,-0.598380
-0.128115,-0.742435,-0.522096
-0.050460,-1.151457,-0.326838
-0.220574,1.769812,0.710410
-0.164443,1.956477,-0.628403
-0.084138,-1.160573,-0.452471
-0.197086,-0.237019,-0.664304
-0.154392,-0.601353,-0.587578
-0.146405,1.268121,0.379679
4.058697,1.108209,0.407036
-0.109858,-0.646368,-0.433982
-0.153585,-0.868403,-0.643252
-0.147502,0.018751,1.617860
-0.128556,-0.810610,1.527991
-0.132081,-0.842169,-0.558551
-0.172693,-0.603746,-0.655283
10.000000,-0.000959,-0.642812
-0.238603,-0.512998,1.773179
-0.104260,-1.078605,-0.508338
-0.058487,1.257959,-0.341025
-0.142422,-0.555305,-0.533526
-0.186151,1.954304,-0.706039
-0.066268,0.703113,-0.423851
-0.158839,-0.631788,2.440221
-0.234082,-0.388405,-0.833355
-0.148555,-0.658634,-0.578728
-0.143035,-0.768307,-0.582545
-0.194356,-0.856475,-0.790298
-0.151733,-0.608887,0.955111
-0.079663,1.608738,1.114141
-0.138353,-1.211720,-0.662720
-0.156014,-0.575460,2.082730
-0.047150,0.581335,0.383272
-0.146142,-0.584487,-0.553589
-0.187332,-0.686151,1.784964
-0.114590,-0.928629,0.457529
-0.219129,-0.187998,-0.734460
-0.186085,1.829576,-0.751376
-0.114058,-0.786073,-0.480075
-0.178912,0.500437,-0.692887
-0.184958,-0.192857,-0.610088
-0.160827,0.589781,-0.600224
-0.125693,-1.089695,-0.589451
-0.090543,1.427143,-0.470987
-0.189678,1.725037,-0.758098
-0.222667,2.098934,-0.752951
4.994222,2.110796,-0.735430
-0.118102,-0.567997,0.605486
-0.167152,-0.656073,-0.646432
-0.202204,0.158247,-0.596305
-0.153824,1.751062,-0.607996
-0.138720,1.532635,0.488127
-0.079631,1.534425,-0.416754
-0.128718,-1.001937,1.326818
-0.137694,-0.672738,-0.541956
-0.114189,-0.768641,-0.476729
0.007706,1.330556,-0.222297
-0.102604,0.106584,0.519851
-0.109450,-0.702293,-0.444764
-0.206392,2.258407,-0.787944
-0.209688,-0.186112,1.607795
-0.126512,0.436591,1.386057
-0.185231,-0.873672,2.287980
-0.084853,-0.880975,-0.393702
-0.163954,-0.672269,-0.638249
-0.183847,0.830779,1.073949
-0.181884,0.136179,-0.767742
-0.224159,-0.347343,-0.787914
-0.224901,-0.216506,-0.761906
-0.162444,0.676340,2.656292
-0.153517,-0.458423,-0.552983
-0.098860,1.252741,0.287570
-0.095992,-0.706603,0.573680
-0.128644,-0.599496,-0.492652
-0.200483,-0.739937,-0.787203
-0.087070,-0.225111,-0.444966
-0.117026,-0.695710,-0.471129
-0.170272,-0.321129,2.135122
-0.003286,-0.831761,0.483777
-0.143035,-0.768307,-0.582545
-0.138666,-0.569445,-0.522841
-0.166826,-0.513177,-0.613859
-0.171029,-0.760447,2.169984
-0.118402,1.463037,-0.561973
-0.207984,1.052442,-0.794082
-0.181712,0.852852,-0.647566
-0.117809,-0.728096,0.536360
-0.163103,0.520372,-0.621775
-0.011730,1.151709,-0.274025
-0.191422,0.843443,-0.692070
-0.158401,-0.945211,-0.677797
-0.150423,-0.692833,-0.593096
-0.206412,2.174535,-0.772193
-0.145896,1.505256,-0.625571
-0.127108,1.621297,-0.618281
-0.124936,0.253741,0.525015
-0.138152,-0.602198,-0.528148
-0.140434,0.061329,-0.608027
-0.147932,-0.961226,-0.642879
-0.210796,-0.396583,1.604961
-0.170069,-0.468991,-0.616063
-0.096305,-0.913091,0.491601
-0.219718,-0.451141,2.238957
-0.204533,-0.571413,-0.765065
-0.160839,-0.540082,2.432355
-0.130968,-0.527918,-0.485466
-0.129238,0.294437,-0.519401
-0.147895,-0.650581,-0.574535
-0.100915,-0.839900,-0.443646
-0.080405,1.124166,-0.523210
-0.026017,-1.648890,1.103922
-0.129339,1.511176,-0.571441
-0.161889,-0.745093,-0.646658
-0.125606,0.624604,-0.445159
3.762980,1.582409,-0.723289
-0.127206,-0.745622,2.621923
-0.078796,1.526112,-0.428793
-0.230431,-0.572251,-0.860319
-0.138553,-0.735545,-0.558900
-0.163235,1.542419,-0.622196
-0.147903,-0.937093,-0.637477
-0.150534,-0.548594,-0.561829
-0.225607,-0.776048,1.937207
-0.147046,0.962527,2.405257
-0.085662,-0.187251,-0.432057
2.558836,1.187690,-0.394293
-0.070475,1.839055,1.118324
-0.148404,-0.566399,-0.557922
-0.106185,-0.691017,0.566185
-0.107995,-1.009968,-0.506979
-0.162444,-0.654806,0.538551
10.000000,2.036874,-0.826677
-0.130086,1.527096,0.351493
-0.169199,-0.662962,2.263041
-0.163416,-0.474455,-0.592840
-0.153739,2.070096,0.550973
-0.133524,0.817755,-0.579207
-0.107922,1.091595,1.852559
-0.076627,-0.823490,-0.350883
-0.174034,-0.556355,-0.649803
-0.192185,-0.594987,-0.724916
-0.148308,-0.835454,-0.616645
-0.110135,-0.793427,-0.467289
-0.138238,0.380008,-0.541437
-0.150442,-0.768230,-0.609719
-0.106951,-1.013407,-0.503900
-0.105675,1.681274,0.479495
-0.187103,1.879831,-0.711872
-0.123176,-0.573731,-0.466921
-0.013869,1.002771,1.271169
-0.135178,-0.763853,-0.552726
-0.137078,-0.853622,-0.579410
-0.213787,1.529509,-0.699709
0.015918,0.785731,-0.232634
-0.140088,-0.968344,0.408333
-0.141505,0.676929,-0.567817
0.017489,0.772027,-0.260481
-0.123728,-0.620426,-0.479200
-0.172363,-1.226777,-0.790872
-0.178078,0.352460,-0.714331
-0.148036,-0.736995,2.287463
-0.061263,0.788849,-0.440965
-0.127467,0.337968,-0.504192
-0.097087,1.210824,-0.475131
-0.151623,-0.522860,-0.560176
-0.214888,1.179774,-0.868204
-0.129665,0.732274,-0.508322
-0.138592,-0.716989,-0.554968
-0.143763,-0.582123,1.959604
-0.215086,-0.593522,-0.808659
-0.139705,1.377906,-0.591282
-0.143559,0.178794,-0.599659
-0.159297,-0.630706,-0.612027
-0.245668,0.985348,-0.921530
-0.154418,0.248521,-0.632450
-0.047688,-1.496368,-0.392397
-0.080623,0.924523,-0.486149
-0.222579,2.408831,-0.752601
-0.182053,-0.910094,0.405875
-0.149451,-0.806578,-0.614501
-0.030781,0.892867,-0.324555
-0.121407,1.596371,-0.582090
-0.165792,-0.404472,2.191546
-0.143305,1.992824,-0.589276
-0.181244,0.177709,0.789128
-0.088260,1.298103,-0.474248
-0.108083,-0.776965,-0.456141
-0.175049,-0.519245,-0.645378
-0.124996,-0.805258,-0.524439
-0.080557,0.475695,-0.484685
-0.145215,-0.431412,2.451897
-0.106430,-1.071763,-0.514802
-0.196532,-0.799280,0.867357
-0.161066,-0.561888,-0.603412
-0.184322,-0.817865,-0.744988
-0.155914,-0.638939,2.542321
-0.183287,-1.214394,-0.828254
-0.192898,1.522556,-0.769970
-0.240695,1.894631,-0.886617
-0.162056,1.772310,-0.684702
-0.130007,-1.013847,-0.588634
-0.162793,-0.568667,2.035033
-0.193002,-0.758135,-0.763735
-0.095829,-0.854013,-0.428076
-0.114692,-0.696748,-0.462789
-0.120035,-0.871319,3.096833
-0.181920,-0.770501,2.129743
-0.128607,0.279066,-0.519577
-0.205303,-0.282031,-0.704353
-0.094744,1.722704,0.411889
-0.200237,1.700691,0.445738
-0.150928,0.093573,-0.645606
-0.181696,0.762812,-0.661880
-0.071905,-1.337782,0.734151
-0.165898,-0.336304,-0.571618
-0.204739,-1.077282,-0.876896
-0.172930,-0.824541,1.085349
-0.142954,-1.239272,-0.685658
-0.095843,-1.037826,0.809086
6.159407,2.145396,-0.561532
-0.124402,-1.005452,0.412593
-0.157367,1.662104,-0.663288
-0.122982,-0.725513,-0.499536
-0.117807,1.196392,-0.563208
-0.160647,-0.517767,2.216800
-0.099183,-0.823546,-0.433699
-0.142501,-0.865516,-0.601931
-0.147068,0.678380,-0.591016
-0.140156,-0.615217,0.953824
-0.268098,1.219491,1.327173
-0.101430,-0.772913,0.539157
-0.129767,-0.840603,2.489098
-0.100209,-0.070727,-0.468413
-0.071204,-1.751708,0.975993
-0.212131,-1.088444,1.825109
-0.165268,-1.027032,1.986050
-0.183666,-0.611951,0.566083
-0.123978,0.425811,-0.539493
-0.145176,-0.687846,2.514101
-0.177563,-0.573690,-0.666562
-0.164657,-0.639926,2.309992
-0.159637,-0.461680,-0.576163
-0.162330,0.289561,-0.658443
-0.149392,-0.626022,-0.574640
-0.173403,0.583842,-0.655198
-0.244250,-0.424847,-0.878681
-0.192606,-0.522085,-0.710451
-0.113293,-1.000348,-0.524315
-0.135800,0.351291,-0.536407
-0.106985,0.344818,-0.418456
-0.159099,-0.438941,2.386176
-0.186362,-0.586784,2.048644
-0.201693,-0.109550,-0.653227
-0.176831,-0.479130,-0.643113
-0.132724,-0.582635,-0.503927
-0.200063,-0.396072,-0.710158
-0.122150,-0.728694,0.531192
-0.178500,-0.723082,2.234909
-0.251089,1.527939,-0.931081
-0.170057,-0.692446,-0.665082
-0.105418,1.546269,-0.510256
-0.100469,-0.086043,-0.472362
-0.186705,-1.216114,-0.841181
-0.193728,-0.606184,-0.733037
-0.185021,-0.528564,2.023397
-0.213588,-0.164201,0.974729
-0.143095,-0.684359,-0.564335
-0.132312,-0.624233,-0.511547
-0.131346,-0.793249,-0.545114
-0.061993,1.057203,-0.448944
-0.185393,-1.237224,-0.840999
-0.124901,-0.904009,-0.545773
-0.123115,0.080109,-0.533389
-0.183311,-1.116687,-0.806890
-0.235737,-0.546559,0.727628
-0.116690,0.346271,-0.458129
-0.166031,-0.767054,2.307127
-0.122943,-0.734555,-0.501379
-0.172388,0.684192,2.603103
-0.138360,-0.660875,-0.541796
-0.149454,1.393441,0.439628
-0.151775,-0.464772,-0.547981
-0.212694,1.671769,-0.760254
-0.174611,-0.644266,-0.671222
-0.192606,-0.522085,-0.710451
-0.076268,0.949054,-0.478142
-0.113377,1.329092,-0.577292
-0.180918,0.018851,1.141064
-0.102320,-0.709545,0.563655
-0.176035,1.952128,-0.687572
-0.110884,-0.677901,-0.444670
-0.169957,-0.661737,-0.657974
-0.161176,0.295276,2.947257
-0.120037,-1.046424,-0.559188
-0.158595,-1.138826,-0.721020
-0.228637,0.967692,-0.900116
-0.148848,-0.475708,-0.539638
-0.169163,-0.353270,2.045236
-0.096273,1.410753,-0.486257
-0.148707,-0.668098,2.499593
-0.161067,-0.736977,0.497903
-0.166243,2.186495,-0.606819
-0.125289,0.073970,-0.543433
-0.047920,-1.108114,-0.307997
-0.211579,-0.511753,-0.777833
-0.126065,2.137450,1.352310
-0.147701,-0.828050,-0.612790
-0.205826,-0.559592,-0.767218
3.179111,-0.767334,-0.610971
-0.133089,-0.601356,-0.509376
-0.136518,1.606427,-0.568337
-0.143399,0.504898,-0.540980
-0.120612,-0.845048,-0.517081
0.139610,-2.214917,0.027139
-0.172637,0.895393,-0.600817
-0.197109,-0.674059,2.064295
-0.099557,-1.186826,-0.514837
-0.141406,-0.679929,0.921531
-0.226415,-0.521384,-0.834410
-0.149080,-0.564178,-0.559917
-0.126725,-1.058517,-0.586396
-0.143158,-0.625171,-0.551567
-0.066942,0.645618,0.823990
-0.133701,-0.750595,-0.544391
0.022302,-1.608736,2.233132
-0.162453,0.502662,-0.622036
-0.160557,1.347126,-0.695868
-0.166158,-0.785735,-0.671255
-0.091606,-0.826304,-0.406489
-0.167107,-0.524224,-0.617319
-0.118629,-0.555400,0.610582
-0.164454,1.914154,-0.567462
0.101074,-0.554538,-0.041163
-0.110061,0.017887,-0.491680
-0.146286,-1.159058,-0.680277
-0.106604,1.884107,-0.473286
-0.172377,0.466156,-0.670622
-0.087005,-1.070883,-0.443302
-0.055344,-0.965524,-0.303944
-0.191405,-0.583566,2.374053
-0.183008,-0.455492,3.187086
0.003267,0.388624,-0.268031
-0.114489,1.341642,0.359259
-0.220542,1.109568,-0.877980
-0.087276,1.552845,-0.428937
-0.203134,0.579804,-0.785437
-0.129999,-0.717820,-0.523604
-0.117564,-0.895428,-0.516956
-0.148729,-0.476160,-0.539300
-0.078728,-0.910012,-0.377595
-0.137592,-0.852283,-0.581005
-0.167845,-0.754920,-0.670680
-0.172594,2.137768,-0.669071
-0.248467,-0.537166,1.233369
-0.192575,-0.817636,2.356762
-0.180322,-0.094456,-0.571462
-0.162707,-1.083347,-0.723933
-0.146655,0.153799,-0.617015
0.006909,0.598901,-0.258069
-0.168105,1.310032,-0.681940
-0.013009,0.679592,-0.268769
-0.200303,2.022042,-0.738213
-0.119938,-0.957681,-0.539341
-0.178597,-0.513034,2.191315
-0.148551,-0.688080,1.837420
-0.142720,-0.685491,0.918311
-0.150700,2.331728,-0.600285
-0.214207,-0.816887,-0.854480
-0.161939,-1.014032,2.369330
-0.054757,-1.174359,0.826266
-0.135054,-0.764235,-0.552352
-0.106438,0.836276,-0.591530
-0.175404,1.819016,-0.698611
-0.206643,-0.644718,-0.788906
-0.150857,-0.758071,-0.609013
-0.161161,-0.527833,-0.596281
-0.191878,-0.674016,-0.741138
-0.060242,0.850471,0.343982
-0.143015,-0.605357,-0.546694
-0.182892,0.438201,0.897688
-0.112604,0.270613,2.827240
-0.188328,-0.696386,1.344253
-0.164497,-0.446723,1.609995
-0.131799,0.633109,-0.534826
2.943207,-0.902255,-0.568350
-0.161678,-1.091730,-0.721995
-0.130274,0.279490,-0.526399
-0.094157,1.213792,0.381155
-0.209295,1.749556,-0.733667
-0.134265,-0.469164,2.078857
-0.125910,1.823108,-0.528985
-0.095596,0.829053,-0.463158
-0.167835,-0.498835,0.621650
-0.085648,-0.914462,-0.403975
-0.132193,-0.624691,-0.511213
-0.175891,-0.620864,2.514566
-0.200633,-0.040491,1.023173
-0.159624,-0.373035,-0.556653
-0.153863,-0.664358,-0.599469
-0.114188,-1.048372,-0.538145
-0.118915,-0.826257,-0.506725
-0.111214,1.852354,-0.449482
-0.148551,-0.688080,0.527285
-0.126500,-0.712275,-0.509545
-0.027035,0.814348,-0.355512
-0.144972,-0.513131,-0.533627
-0.147046,-0.643089,1.988135
-0.159408,1.543655,-0.605424
-0.249937,1.857541,-0.952812
-0.153377,0.177851,0.443759
-0.107268,1.576594,-0.590321
-0.188454,-0.236438,-0.632491
-0.120355,-0.726788,-0.490174
2.878588,-0.756342,0.538131
-0.226761,1.706414,-0.790852
-0.187812,-0.475052,-0.682527
-0.057980,0.998825,0.393480
-0.184431,1.488321,-0.684674
-0.137019,1.510179,-0.567963
-0.084177,-0.884150,-0.391917
-0.165857,-0.491855,-0.605623
-0.204234,-0.332742,-0.711562
-0.204919,-0.596107,-0.771906
-0.165349,1.754920,-0.611794
-0.113811,-0.892478,-0.502530
-0.119107,1.221601,0.653400
-0.161624,-0.443083,-0.579372
-0.139486,0.527626,-0.520526
-0.080257,-1.009531,-0.405059
-0.132447,0.135815,-0.561504
-0.159494,0.293060,0.340192
-0.222538,-0.394184,1.224427
-0.158849,-0.452070,-0.571160
-0.210404,1.658688,-0.795655
-0.144050,-0.652225,-0.560782
-0.133193,2.508060,0.843580
-0.109797,-0.859716,-0.480603
-0.140541,-0.603735,0.571818
-0.086231,1.544371,0.431122
-0.213032,2.533018,-0.716022
-0.017147,1.049093,-0.287519
-0.123917,-0.739773,-0.506101
-0.044089,0.783138,-0.386678
-0.084694,1.388760,0.448923
-0.179765,-0.659537,-0.693496
-0.158334,-0.558075,-0.592547
-0.162590,-0.940149,-0.692063
-0.204891,2.519358,-0.699019
-0.156771,2.156264,-0.570298
-0.137981,-0.808496,-0.572818
-0.151916,0.473962,-0.582305
-0.108064,-0.897575,-0.482553
-0.152983,-0.584170,0.576084
-0.182807,-0.481583,-0.665588
-0.108723,-0.895140,-0.484436
-0.165654,-0.573108,-0.622717
-0.086676,1.093007,-0.479235
-0.209839,-0.281198,1.267254
-0.005796,0.959125,-0.296938
-0.086732,-0.156686,-0.430495
-0.100463,1.526537,-0.487997
-0.186141,-0.450876,-0.671086
-0.136376,-0.714710,1.146330
-0.185124,-0.610700,-0.702445
-0.110904,1.625614,-0.507476
-0.173825,1.874388,-0.729329
-0.160805,-0.627211,1.617615
-0.166549,-0.727696,-0.659944
-0.138307,1.412047,-0.590558
-0.117814,1.476173,-0.529615
-0.139561,0.718243,-0.592668
-0.165942,-0.479570,-0.603237
-0.148837,-0.521247,-0.549597
-0.168676,-0.828813,1.765295
-0.095222,1.097036,-0.478753
-0.184441,-0.987738,1.314111
-0.126049,-0.570698,-0.476800
-0.152994,-0.615705,-0.585597
-0.208366,1.988690,-0.824504
-0.228361,-0.338632,-0.801425
-0.122299,0.311137,-0.487677
-0.110149,-0.882083,-0.486805
-0.158810,0.604553,-0.589092
-0.136832,-0.694574,-0.543585
-0.182767,-0.345033,0.727642
-0.135354,-0.883028,-0.579537
-0.190229,1.844476,-0.707482
-0.114458,-0.724340,-0.467988
-0.174861,1.897521,-0.655053
-0.176748,-0.516174,2.186826
-0.158768,1.885657,-0.623715
-0.187400,-0.620364,-0.712919
-0.098167,-1.022384,0.446473
-0.036402,1.128666,0.411992
-0.143426,0.453464,-0.550136
-0.170407,-0.898447,0.804788
-0.122516,-0.709369,-0.494282
-0.205799,-0.845664,-0.829930
-0.158623,0.969492,-0.629688
-0.183978,0.990832,-0.636039
-0.166795,-0.592736,-0.631217
-0.090518,0.741689,0.270406
-0.141824,-0.588932,-0.538715
-0.200802,-0.594429,-0.756422
-0.177650,1.054667,-0.659173
-0.084725,1.090924,-0.455568
-0.149905,1.837584,-0.621769
-0.140581,0.445552,-0.539596
-0.147689,-0.921162,1.041532
-0.184567,-0.698103,-0.719590
-0.140028,-0.553711,2.533045
-0.167223,-0.580822,-0.630171
-0.188793,-0.585017,-0.710272
-0.250188,-0.400202,-0.895070
-0.131657,-0.792282,-0.546043
-0.108885,-0.855251,0.495286
-0.144162,-0.548925,-0.538512
-0.162916,-0.622507,2.602484
-0.180852,0.769160,2.620671
-0.122123,-0.880609,-0.530439
-0.128797,-0.932488,-0.566329
-0.144898,-0.444673,-0.518324
-0.162058,-0.715757,1.141677
-0.165239,-0.669857,-0.642436
-0.198115,-0.217217,0.856800
-0.155554,-0.747777,-0.623993
-0.221620,-0.539032,-0.820681
-0.094090,-0.033633,-0.436674
-0.152842,1.724224,-0.575854
-0.173243,0.405290,2.449263
-0.179054,-0.732695,-0.706949
-0.123838,1.558734,-0.503925
-0.154992,-0.534443,2.364330
-0.218211,-0.448935,1.945247
-0.155145,-0.957836,-0.668615
-0.154472,0.001750,-0.676880
-0.093867,-1.079381,0.432385
-0.081295,-0.128553,-0.403289
-0.207080,1.513247,0.488550
-0.187458,-0.538299,-0.695116
-0.226798,-0.576486,-0.847915
-0.158837,-0.610824,2.651223
-0.060294,1.192691,-0.440454
-0.166911,-0.570351,1.223463
-0.191096,-0.431362,2.402175
2.793198,1.424701,-0.523574
-0.178092,-0.549697,-0.663237
-0.227988,-0.436850,-0.821623
-0.140471,0.822544,-0.649837
-0.102971,1.793054,-0.474669
0.080230,-1.649753,0.813039
-0.150165,-0.549803,-0.560740
-0.223227,1.745723,-0.857623
-0.137032,-0.456272,-0.491993
-0.182342,1.841747,-0.725105
-0.199635,-0.466971,-0.724153
-0.151671,-0.737538,2.621759
-0.122495,-0.879429,-0.531544
0.014130,-0.322861,-0.169397
0.107322,-0.051413,0.052616
-0.099308,-1.081030,2.222063
-0.232029,1.600223,-0.781878
-0.247725,-0.779315,-0.969268
-0.136401,-0.657916,-0.533953
-0.142479,-0.742500,-0.574839
-0.208587,-0.454334,-0.754241
-0.180077,-0.828899,-0.731826
-0.155306,-0.464056,-0.560785
-0.074894,-0.921301,-0.365998
-0.114623,-0.873838,-0.501419
4.069169,0.935658,-0.700980
-0.160787,-0.727856,0.893195
2.733717,1.508556,-0.464595
-0.168128,0.107294,1.331977
-0.205359,-0.316015,-0.712020
0.000219,1.182028,-0.262513
-0.134610,-1.055695,-0.614719
2.297962,0.968839,0.691266
-0.156605,-0.871922,-0.655110
-0.200895,2.311237,-0.660076
-0.078378,-0.187592,-0.402948
-0.122991,-0.925444,0.447285
-0.166858,-0.536408,-0.619079
-0.139666,-0.675847,-0.549877
-0.195176,-1.099602,-0.846694
-0.174035,-0.521159,-0.642078
-0.151290,-0.589211,2.759171
-0.023376,1.007073,0.453819
-0.076715,-1.051981,-0.401378
-0.164384,-0.938228,1.201635
-0.115497,-0.339806,-0.581138
-0.156268,-0.574750,-0.588624
-0.121309,2.005426,-0.488918
-0.162278,1.733118,-0.656232
-0.143815,-0.828248,-0.598570
-0.135608,0.446106,-0.518682
-0.102548,-0.619082,-0.401156
-0.120949,-0.908150,-0.532173
-0.127705,-0.846857,-0.543518
3.516896,1.421556,-0.475831
-0.121596,-0.620116,0.579099
-0.146440,-0.413998,-0.517250
-0.208127,-0.634269,1.996424
-0.190079,2.049531,-0.698798
-0.168380,-0.653921,-0.650468
-0.164320,-0.269482,-0.551152
-0.157910,1.067793,2.244178
-0.220462,1.072429,-0.790764
-0.176653,-0.528343,0.609514
-0.162138,-0.675820,0.527987
-0.163118,0.576596,2.534925
-0.258745,-0.758592,-1.005172
-0.104997,-0.773589,-0.444070
-0.115596,1.912591,0.569529
-0.127533,0.349882,-0.502313
-0.218363,2.090308,-0.772010
-0.168932,0.029198,1.161233
-0.151532,-0.963257,0.398748
-0.137435,1.211744,-0.650624
-0.164716,0.424003,-0.645178
-0.091853,1.175802,0.803710
-0.161135,-0.736853,-0.642081
-0.142902,-0.830440,2.416413
-0.070026,1.106126,-0.416371
-0.164527,-0.312924,2.835872
-0.127401,-0.727059,-0.516096
-0.173490,0.629167,2.715238
-0.049531,-1.468410,-0.393024
-0.178246,-0.884601,2.018730
8.745182,1.742168,1.858235
-0.115701,-0.932660,1.800358
-0.144024,-0.642395,-0.558529
-0.091580,-0.016251,0.869581
-0.149633,-0.655603,-0.582020
-0.085557,-0.929528,-0.406948
-0.080284,-1.023187,-0.408157
-0.151031,-0.621260,-0.579609
-0.143810,-0.602671,-0.549020
-0.142806,-0.804532,-0.589660
-0.152017,-0.678963,-0.595901
-0.142213,0.713099,2.439959
-0.143795,1.658977,-0.580891
-0.135469,-0.581849,-0.513830
-0.112477,0.887148,1.135996
-0.211010,1.811073,-0.757088
-0.111144,-0.830468,-0.479126
-0.119790,0.078848,-0.520010
-0.150746,-0.692003,2.311224
-0.111101,-0.764282,-0.464434
-0.144520,-0.640833,1.355902
-0.213414,-0.263896,-0.730146
-0.189377,-0.768179,0.879966
-0.097765,1.897168,-0.446840
-0.160267,0.798854,-0.626336
-0.169438,-0.432751,1.920356
-0.152349,-0.627822,2.440002
-0.161324,1.910164,0.586819
-0.170459,1.119032,2.484943
-0.147024,0.331603,-0.586769
-0.041365,1.467773,-0.300443
-0.157461,-0.987030,1.865859
-0.111424,0.159431,-0.470871
-0.155149,-0.106636,2.496561
-0.124620,-0.710280,-0.502205
-0.145071,-1.195629,-0.683848
-0.145161,1.466312,-0.598965
-0.153007,-0.562574,2.088577
-0.137167,-0.615877,-0.527535
-0.185140,-0.277858,0.776865
-0.161893,-0.801284,0.466271
0.023276,-1.087763,0.488618
-0.113851,1.614696,-0.509469
-0.202042,-0.317441,0.790716
-0.135995,-0.352968,0.290036
-0.194355,-0.126647,-0.630044
-0.205039,0.132248,-0.612419
-0.167944,1.810279,-0.683426
-0.149987,-0.713197,2.501037
-0.125246,-0.543780,0.994596
-0.078606,1.165925,-0.459553
-0.116931,-0.731656,-0.478672
-0.136132,-0.804981,2.733002
-0.056258,1.406120,0.461866
-0.104365,1.506454,0.406762
-0.181518,1.648027,-0.684984
-0.128813,-0.940290,0.809557
-0.204595,-0.494148,-0.748328
-0.147565,-0.671303,2.250693
-0.256821,1.719822,-0.938220
-0.096314,-0.136671,-0.465208
-0.131791,0.557459,2.442302
0.002039,0.404401,1.041780
-0.165680,-0.550587,-0.617867
-0.130855,-0.668315,-0.515877
0.045545,-0.904473,-0.122070
3.242164,-0.643276,-0.569587
-0.133710,-0.328234,-0.451687
-0.093905,1.104625,-0.461406
-0.120281,-0.870508,-0.521456
-0.143823,-0.793134,-0.590888
-0.150508,0.283241,2.447149
-0.108212,-0.716685,-0.443377
-0.201720,2.785371,-0.618928
-0.125414,-0.886482,-0.543809
-0.161161,2.114264,-0.596281
-0.150874,-0.662166,2.360003
-0.199331,-0.915240,2.412074
-0.006637,-0.705538,0.510652
-0.152598,-0.677486,-0.597710
-0.142114,1.128529,-0.618690
-0.153611,1.612775,-0.682484
-0.134549,-0.835153,-0.566071
-0.103156,-1.061342,0.423167
-0.175873,-0.894674,-0.730836
-0.153378,1.812525,-0.612897
-0.088749,-0.870439,-0.405690
-0.154537,-0.652598,-0.599362
-0.002821,-1.421235,-0.211197
-0.098741,-0.129995,-0.473723
-0.169528,-0.419573,-0.603226
-0.088708,-0.364514,-0.478349
-0.228009,2.149795,-0.902188
-0.114007,2.018220,-0.523204
-0.052689,2.215569,-0.348721
-0.185430,-0.900840,-0.767275
-0.086683,-0.931842,-0.411591
-0.180317,1.979736,-0.728545
-0.121159,0.270022,-0.490472
-0.141692,-0.753832,0.501408
-0.195388,2.077002,-0.666269
-0.160140,-0.519200,-0.590641
-0.119615,1.102610,-0.556299
-0.148507,0.195183,1.082772
-0.037340,0.988620,-0.363058
-0.195784,1.062651,-0.678398
-0.083737,0.122393,-0.365308
-0.109390,1.619881,0.809765
2.230705,1.428445,-0.308259
-0.142150,-0.534861,-0.528039
-0.106950,-0.846885,-0.467334
-0.140306,1.734426,-0.585694
-0.220002,1.858185,-0.851987
-0.114709,-0.086742,-0.530171
-0.125395,1.953707,-0.477247
-0.189719,-0.197630,-0.628614
-0.154392,-0.601353,-0.587578
-0.172758,0.536906,2.652380
-0.187589,-0.184978,3.168627
-0.200171,-0.987327,-0.840376
-0.171842,-0.973978,-0.733452
-0.131880,0.479815,-0.497107
-0.155602,0.512124,-0.591290
-0.156012,1.476056,-0.664297
-0.105887,-0.683587,-0.427578
-0.187877,-0.550059,-0.699234
-0.130405,-1.005381,-0.588238
-0.151860,-0.836906,-0.630004
-0.067101,0.874636,0.341372
-0.164547,-0.434013,-0.588113
-0.148515,-0.405040,-0.522898
-0.072666,-0.821819,-0.335976
-0.156377,-0.627456,-0.600595
-0.109678,-0.701258,2.589002
-0.117750,0.412606,-0.450444
-0.061845,-1.276016,-0.395984
-0.185745,-0.410840,2.548024
-0.142045,-0.648716,-0.552653
-0.096455,1.576631,0.527857
-0.144577,-1.103963,-0.661906
-0.084305,0.117676,-0.368495
-0.048002,1.427624,0.471324
-0.066014,-1.312569,1.281000
-0.129086,-1.089200,1.151568
-0.138064,-0.582096,-0.523411
-0.146245,1.789120,0.507940
-0.176325,-0.725113,1.751923
-0.159238,-0.968729,-0.686031
-0.146380,-0.795772,1.102803
-0.247921,-0.473418,-0.902823
-0.152797,-0.912083,2.291238
-0.142853,0.487752,-0.541695
-0.168756,-0.791726,1.968130
-0.217445,-0.832573,-0.869807
-0.211858,-0.205909,-0.711702
-0.129607,1.164230,0.864613
-0.164358,-0.860843,-0.681139
-0.145327,-0.454657,-0.522090
-0.212277,-0.316636,-0.737552
-0.102919,1.221167,-0.570027
-0.152109,-0.389864,-0.532758
-0.057672,0.586766,-0.399365
-0.208241,-0.915411,1.926220
-0.135908,1.795279,-0.523930
-0.099967,1.313479,-0.500098
-0.137810,-0.662732,-0.540184
-0.151354,-0.609984,-0.578322
-0.176272,-0.609328,-0.669647
-0.141819,-0.771561,-0.578797
-0.210984,-0.244728,-0.717016
-0.181567,-0.780462,-0.726661
-0.154254,-0.934609,-0.660246
-0.136500,-0.714313,-0.546700
-0.173269,2.052638,-0.599604
-0.169528,-0.630812,-0.649608
-0.128833,0.371102,-0.503881
-0.089483,0.178577,-0.377971
-0.182514,-0.578875,-0.685876
-0.160015,-0.618534,-0.611992
2.167429,1.023985,-0.311341
-0.159621,-0.576614,-0.601339
-0.192498,-0.401838,-0.683654
-0.235695,-0.560314,1.135671
-0.150102,-0.603282,-0.572254
-0.154637,-0.590068,2.400473
6.484425,1.931300,-0.651047
-0.158690,0.150560,-0.667722
-0.083220,-0.888658,-0.389395
-0.148051,-0.524028,-0.547321
-0.207827,-0.315665,-0.721005
-0.214898,-0.828166,-0.859492
-0.191970,-0.571428,-0.718952
-0.147649,-0.737977,-0.592822
-0.121703,-0.657582,-0.479925
-0.129841,-0.252305,0.708650
-0.150495,-1.020073,1.416380
-0.148696,-0.716486,2.546819
-0.171293,-0.453469,-0.617149
-0.124847,-0.691168,-0.498843
-0.149521,-0.541005,0.598537
-0.176024,0.343282,1.633824
-0.089911,-1.185290,-0.479089
-0.129026,-0.739267,-0.524744
-0.152542,-0.519801,0.608671
-0.150369,-0.702640,-0.595050
-0.123514,-0.750077,-0.506882
-0.125202,0.310219,-0.499843
-0.142290,-0.805841,0.477396
-0.061322,-1.002258,-0.333954
3.060585,0.374233,-0.277874
-0.168942,-0.496160,-0.617891
-0.122667,-0.672195,0.555155
-0.025787,0.670326,-0.328577
-0.128720,1.471638,-0.486235
-0.259221,-0.575998,-0.966828
-0.142470,0.337787,-0.566630
0.046804,0.983160,-0.178425
-0.103965,1.486997,-0.525272
-0.097035,-1.175100,-0.503003
-0.227504,2.372972,-0.746884
-0.162397,0.385827,-0.641945
-0.152804,0.506414,-0.580418
-0.071566,1.359047,-0.439098
-0.180058,-1.053233,-0.781016
0.015258,0.785113,-0.235367
-0.059842,0.468424,-0.442602
-0.210599,-0.185795,1.359682
-0.180172,-0.522719,2.463514
-0.034811,-1.744704,1.052060
-0.117022,-0.592898,0.595572
2.838449,-0.800579,-0.448096
-0.150066,-0.560974,0.588430
-0.055508,1.267537,-0.378314
-0.154519,1.860666,-0.592559
-0.158210,-0.713556,-0.626228
-0.060411,1.175686,-0.405888
-0.130700,2.075346,-0.559816
-0.168766,-0.532074,-0.625130
-0.118030,-0.588059,-0.451177
-0.117038,1.636266,-0.542033
-0.130225,-0.552161,-0.488061
-0.086788,-0.909330,-0.407032
0.032063,1.321021,-0.159602
-0.170856,-0.660326,1.785549
-0.063977,0.706735,-0.434589
-0.160584,1.656048,-0.591993
-0.165914,-0.699019,-0.651317
-0.160780,-0.658313,-0.623536
-0.153879,0.615710,-0.630704
-0.182641,-0.740278,2.571214
-0.106343,0.956368,-0.539741
-0.133132,-0.880682,0.453709
-0.101574,-0.922153,-0.464125
-0.160671,-0.637950,3.125214
-0.156936,-1.154755,-0.718428
3.265369,-0.557525,-0.531817
-0.159908,-0.564892,-0.599820
-0.187318,-0.335819,2.774151
-0.135947,-0.814146,-0.566593
-0.123827,0.224922,-0.509703
-0.131651,-0.868326,-0.562716
-0.141406,0.414245,-0.548597
-0.133480,-0.804042,-0.555316
-0.193408,-0.651763,-0.741871
-0.119775,-0.674987,0.556955
-0.014967,0.609822,0.407249
-0.035002,0.248931,0.202471
-0.096346,-0.927868,-0.446189
0.048871,0.728462,0.453787
-0.184441,1.019323,-0.782725
-0.161210,1.273474,-0.674317
-0.177772,-0.384988,-0.625897
-0.243168,-0.881709,-0.975025
-0.161928,-1.236554,-0.754712
-0.162555,-0.512485,-0.598030
-0.085397,1.539302,-0.461719
-0.058516,-0.221015,-0.395534
-0.141736,0.453938,-0.542957
-0.194378,-0.292501,-0.666549
-0.119156,-0.825400,0.869599
10.000000,1.933609,-0.879225
-0.155264,-0.402647,2.724699
-0.103197,1.527531,-0.499082
-0.139454,-0.607604,-0.534114
-0.127771,0.240965,-0.523044
-0.093468,-0.997442,-0.450900
-0.115290,0.357616,-0.450285
-0.125703,-0.621672,-0.486724
-0.142994,-0.655527,-0.557631
3.065473,1.300194,-0.625069
-0.140383,-0.654139,-0.547742
-0.161663,0.595573,-0.602812
-0.186846,-0.845782,-0.760382
-0.134090,-0.950405,-0.589694
-0.191492,-0.522779,-0.706515
-0.123329,1.476784,-0.535792
-0.131614,1.630680,-0.500848
-0.116884,-0.740595,0.532151
-0.119587,0.392508,-0.461689
-0.186352,-0.352589,-0.650280
-0.173646,-0.869421,-0.717116
-0.086362,1.506618,-0.427938
-0.099157,1.241457,0.443456
-0.166761,-0.803550,1.271423
-0.166203,-0.537940,-0.617012
-0.160873,-0.562385,1.539931
0.086362,-0.287643,-0.035106
-0.181680,1.809607,-0.709411
-0.245517,-0.793316,0.557405
-0.190803,-0.674234,2.443326
-0.152756,1.838006,-0.568414
-0.190133,-0.560448,-0.709798
-0.191570,-0.246842,-0.646215
-0.202672,1.727611,-0.621630
-0.135764,-0.580690,2.617468
-0.155892,-0.292318,-0.525229
-0.173143,-0.646346,-0.666290
-0.185188,-0.478259,-0.673597
-0.144623,-0.918982,-0.621459
-0.121957,-0.755832,0.519766
-0.171889,-0.834678,-0.703038
-0.160605,1.589087,-0.618453
-0.154018,0.627478,2.264640
-0.177486,-0.217830,-0.588141
-0.099986,1.084854,-0.527378
-0.214007,-0.846797,-0.860312
-0.159297,-0.630706,2.856928
-0.058543,0.912766,-0.341173
-0.246212,2.082271,-0.891349
-0.212800,-0.244987,-0.723739
-0.125767,-0.827980,-0.532258
-0.131010,-0.629292,-0.507879
-0.186424,0.775681,-0.680608
-0.108608,0.063543,-0.477231
-0.142936,-0.615806,2.199636
-0.161078,-0.504937,-0.590949
-0.227059,-0.757596,-0.888637
-0.151115,0.392955,-0.593100
-0.188364,-0.596918,-0.711312
-0.135816,-0.805882,-0.564295
-0.184166,-0.466759,-0.667323
-0.119894,-0.911464,-0.529029
-0.151540,-0.588458,-0.574276
-0.237021,2.427408,-0.834670
-0.163494,-0.693310,1.837683
-0.188059,2.059681,-0.634995
10.000000,0.432089,-0.468576
-0.055180,0.551517,-0.407991
-0.218808,1.263165,-0.812235
-0.143787,1.742908,-0.624090
-0.136955,-0.694171,-0.543948
-0.126643,-1.080353,-0.590889
-0.160675,1.658865,0.470331
-0.171678,-0.853036,2.033799
-0.043635,-1.098683,-0.290196
-0.109532,1.783836,0.515146
-0.127788,-0.863097,-0.547390
-0.074993,1.515913,-0.419486
-0.111463,-0.954242,-0.507472
-0.089938,-0.968675,-0.431626
-0.128262,-0.497779,-0.468915
-0.128456,0.063702,-0.558314
-0.161182,0.666898,2.184450
-0.075529,0.903629,-0.453181
-0.133855,-0.618305,-0.515909
-0.197149,2.041789,-0.660527
-0.196052,-0.838145,0.844207
-0.026393,0.515685,-0.274134
-0.130299,-0.689128,-0.518406
-0.135254,-0.551629,2.416829
-0.135060,-0.652986,2.180715
-0.100609,1.794215,-0.464685
-0.033255,-1.566819,1.117565
-0.187665,-0.165921,-0.614111
-0.169042,-0.543052,-0.628554
-0.123060,1.620611,-0.489796
-0.142650,0.374343,-0.560882
-0.142407,-0.500884,-0.521521
-0.170804,-0.751036,0.488379
-0.166723,-0.374903,-0.583120
-0.084853,1.136177,-0.477905
-0.124106,-0.976152,-0.558697
-0.183890,1.873178,-0.674762
-0.158862,1.340016,-0.652936
-0.118391,-0.605784,-0.456395
-0.125245,-0.995745,-0.567179
-0.129664,-0.663315,-0.510409
-0.129640,2.073172,-0.488734
-0.206744,-0.765843,-0.815873
-0.134979,-0.790917,-0.557936
-0.134030,-0.926830,-0.584295
-0.109321,1.413877,-0.479253
-0.080574,1.195076,-0.455964
-0.102109,1.714438,-0.460628
-0.146502,-0.731608,0.508081
-0.192668,0.627733,-0.731739
-0.073996,-0.995984,-0.379099
-0.188450,-0.768286,-0.749254
-0.178440,-0.525390,-0.659176
-0.084043,0.322230,-0.394832
-0.066841,0.972818,-0.470317
-0.100932,0.066777,-0.445427
-0.220982,2.011213,-0.726586
-0.139964,-0.712780,-0.559079
-0.214471,2.880726,-0.691309
-0.218227,1.896870,-0.726227
-0.127089,-1.013477,0.405632
-0.093692,0.588919,-0.384840
-0.161224,-0.847368,-0.666676
-0.124262,-0.881948,-0.538584
-0.163488,-1.020557,0.986271
-0.076722,0.750513,-0.486875
-0.107442,1.279049,-0.505347
-0.127258,-0.814760,-0.534829
-0.091741,-0.148890,-0.449128
-0.219334,-0.649126,1.573996
-0.104278,-0.760061,0.913492
-0.116332,1.634373,0.928651
-0.193988,-0.469485,2.296115
-0.069144,1.028073,0.470099
-0.215637,-0.164446,-0.716469
-0.175295,-0.784863,2.197225
-0.091753,1.528436,-0.446073
-0.029775,-1.223706,-0.266770
-0.162931,-0.451416,0.645959
-0.069226,1.439124,0.436541
-0.094070,-0.959106,-0.444692
-0.134349,-0.586272,-0.510690
-0.110800,1.426766,-0.537110
-0.141536,-0.892756,-0.604368
-0.189136,-0.573023,-0.708897
-0.081392,1.082397,-0.459689
-0.222141,-0.212350,-0.750862
-0.142775,-0.839357,2.085387
-0.116421,-0.751132,-0.481077
-0.081447,-1.092547,0.450355
-0.179101,-0.971148,1.757660
-0.170720,-0.467409,-0.618104
-0.154827,-0.720837,-0.615409
-0.117524,-1.116641,-0.565381
-0.133414,-0.610073,-0.512482
-0.154905,-0.453455,-0.556985
-0.163893,-0.397488,-0.577691
-0.108853,-0.948107,-0.496544
-0.180650,-0.392477,-0.638103
-0.164852,-0.690837,2.650813
-0.190857,-1.211547,0.642851
3.272888,-0.699600,-0.613806
-0.168267,-0.589749,-0.635964
-0.183274,-0.979217,0.371002
-0.113869,-0.074268,-0.524419
-0.093010,0.046887,-0.417074
-0.189715,-1.095811,1.119143
-0.113361,-0.925062,-0.508035
-0.154761,-0.720984,-0.615200
-0.159458,-0.425247,-0.567508
-0.155730,1.897263,-0.591683
-0.140011,-0.794231,-0.577136
-0.157743,-0.714529,-0.624730
-0.123334,-0.750738,0.520404
-0.165868,-0.561447,2.319561
-0.138785,-0.351101,1.509257
-0.110035,1.727492,0.446163
-0.112915,-1.208885,-0.568717
-0.144674,-0.773068,2.333254
-0.190090,-0.618921,2.718857
-0.221545,-1.011977,1.934471
-0.145291,-0.489429,-0.529594
-0.167304,-0.985250,-0.719268
-0.198404,1.912851,-0.799285
-0.149342,0.896484,2.728961
-0.128980,1.000277,-0.550984
-0.100976,-0.707435,-0.414785
-0.158791,-0.376192,-0.554286
-0.132834,-0.717183,-0.533871
-0.153244,-0.714855,-0.608285
-0.105567,0.653831,-0.567822
-0.115701,-0.683352,-0.463549
0.057775,-1.783269,1.657564
-0.165102,0.190339,0.428099
-0.151335,1.890387,-0.564197
-0.202535,-0.452856,0.692282
-0.135230,0.214447,-0.558696
-0.153517,-0.458423,-0.552983
-0.230056,-0.183260,-0.773530
-0.151892,-0.819218,-0.626238
-0.115459,1.655367,-0.575252
-0.141602,-0.492972,-0.516829
-0.177717,0.536241,-0.681749
-0.156942,-0.862716,-0.654328
-0.168835,2.328802,-0.609485
-0.181219,-0.333758,-0.627299
9.114339,-0.958224,0.407200
-0.139173,-0.677443,-0.548416
-0.160979,-0.657886,2.558150
-0.129697,-0.763627,-0.532556
-0.168005,-0.423847,-0.598576
-0.112357,-0.671122,-0.448588
-0.114620,-1.262974,2.156568
-0.155161,0.578179,-0.578041
-0.126710,-0.597792,-0.485177
-0.206742,-0.572661,-0.773449
-0.264777,1.964571,-1.012336
0.040278,1.377288,0.472798
-0.068957,1.318455,0.363598
-0.156824,-0.735670,-0.625997
-0.107283,1.602154,-0.437064
-0.124492,-0.645919,-0.487603
-0.226559,-0.175830,-0.759063
-0.128315,0.961451,-0.687996
-0.137229,-0.532896,-0.509541
-0.140268,-1.340685,-0.698066
-0.179747,-0.996158,-0.767343
-0.110461,-0.766952,-0.462672
-0.179357,-0.422388,-0.639926
-0.126032,0.059254,-0.549191
-0.202714,-0.317066,0.793075
-0.163257,1.306199,-0.703396
-0.170322,-0.789878,1.417674
-0.096194,-0.906029,-0.440834
-0.211627,-0.813023,1.738702
-0.118915,-0.890971,-0.520938
-0.122771,-0.041920,0.425276
0.026048,0.881929,-0.180027
-0.101751,1.206876,0.410683
-0.163169,0.814318,-0.572681
-0.144188,-0.580648,2.463532
-0.147748,-0.456582,-0.531400
-0.199877,1.100771,-0.750343
-0.172853,0.416165,-0.681164
-0.228390,1.727687,-0.826677
-0.172143,-0.604661,2.260572
-0.106786,0.399599,-0.407585
-0.231469,1.129365,-0.889685
-0.117459,-0.806609,0.503719
-0.220966,1.397660,-0.750717
10.000000,-0.347742,-0.855726
-0.177979,-0.682481,-0.691977
-0.091638,1.228723,-0.488381
-0.161072,-0.950175,0.396660
-0.135528,2.148663,-0.547842
-0.206280,-0.967626,-0.858479
-0.175645,2.402974,-0.590037
-0.144041,-0.505578,-0.528548
-0.133565,-1.164748,-0.634827
-0.150359,-0.692999,0.523964
-0.182944,-0.578407,2.399048
-0.174860,-0.577843,-0.657552
-0.070905,-0.989705,-0.366377
-0.188771,-0.537172,-0.699685
2.581020,1.150806,-0.715364
-0.107706,-0.647718,-0.426378
-0.139303,-0.638119,0.556441
-0.176314,-1.013284,1.509791
-0.163983,0.382151,-0.649300
-0.138547,0.494004,-0.522505
-0.086109,1.234502,-0.425703
-0.169236,2.115462,-0.584453
-0.044597,1.339064,-0.399309
-0.116174,-0.061118,-0.531322
-0.156753,1.543576,-0.681124
3.321473,-0.833515,2.362799
4.609200,2.086776,-0.791880
-0.117685,-0.228529,1.281077
-0.101032,-1.004989,-0.480324
-0.174499,-0.379324,2.691281
-0.118907,-0.792867,-0.499368
-0.204261,-0.546214,-0.758534
-0.083994,-1.007523,-0.418336
-0.061329,1.458689,-0.361158
-0.083591,-0.029807,-0.393634
-0.165544,-0.323416,-0.567487
-0.170170,2.176901,-0.639685
-0.163594,2.017548,-0.643695
-0.156521,-0.552134,2.704226
-0.140011,-0.794231,-0.577136
-0.145221,-0.780694,-0.593291
-0.167973,-0.568085,-0.630128
-0.122079,-0.806795,-0.514067
-0.113547,-0.762715,-0.473071
-0.102840,-0.954719,-0.475923
-0.172552,-0.852283,1.880879
-0.160008,-0.542330,0.596663
-0.173935,-0.434295,-0.622635
-0.247673,-0.351449,-0.875130
-0.194773,0.488744,0.507055
-0.168855,0.473486,-0.654323
-0.089452,1.745490,0.806549
-0.142125,-0.788610,2.653678
-0.119500,-0.832447,-0.510234
-0.106432,1.492658,0.794731
-0.106576,-0.864205,-0.469763
-0.224515,-0.558162,-0.835510
-0.211341,-0.427013,2.021888
-0.158459,0.388185,-0.624885
-0.067611,1.566452,1.079742
3.010027,0.313943,-0.476509
-0.155179,-0.533868,2.575516
10.000000,1.762608,-0.710287
0.000245,-0.871198,-0.291807
-0.230951,-0.459649,-0.837503
-0.125781,-0.768201,-0.519182
-0.111004,1.713256,-0.450867
-0.149525,-0.858866,-0.626255
-0.241509,-0.537956,-0.893454
-0.170535,-0.596463,-0.645762
-0.165322,-0.234125,2.595280
-0.105996,-0.826688,-0.459398
-0.118278,0.249210,-0.482421
-0.134041,-0.910787,1.656958
-0.030550,-0.660987,1.797531
-0.114105,0.769094,-0.436705
-0.155092,1.178178,-0.607692
-0.113440,-0.591089,-0.434994
-0.181337,-0.149662,-0.587313
-0.167412,-0.511756,-0.615698
-0.155888,-0.575816,1.530152
-0.148170,-0.577814,-0.559568
-0.182061,-0.855945,1.596571
-0.155074,-0.974101,-0.671926
-0.148043,-0.609571,-0.566076
-0.116123,-0.527693,2.462872
-0.120635,-0.803465,-0.508037
-0.175476,-0.506379,1.956827
-0.147455,-0.738469,-0.592220
-0.080073,1.684894,-0.428126
-0.047238,0.491181,-0.387658
-0.172222,-0.524736,-0.636205
-0.206755,1.808006,-0.737806
-0.215123,1.476221,-0.875542
-0.175230,-0.706055,2.346514
-0.159505,-0.730302,-0.634661
3.101769,-0.637421,-0.502085
-0.131588,-0.835202,-0.555211
-0.202913,-0.283334,0.820251
-0.148183,-0.782547,-0.604568
-0.158754,0.561185,-0.596255
-0.100299,1.732008,-0.465437
-0.141401,0.285328,-0.571545
-0.189026,-0.778171,0.475599
-0.181599,1.082528,-0.611327
-0.156254,-0.863841,-0.652049
-0.160990,1.473212,-0.639491
-0.105963,-0.943327,0.464496
-0.194327,1.986371,0.631583
-0.064169,0.055649,-0.481562
-0.053516,-1.332408,-0.377791
-0.153044,-0.799003,1.621515
-0.136227,-0.677682,-0.537655
0.183684,0.128436,0.222526
-0.158279,-0.798141,-0.645057
-0.196708,2.370407,-0.733361
-0.134594,-0.756732,-0.549019
-0.153739,-1.031087,0.985949
-0.140582,-0.663231,0.930017
-0.086951,-0.271500,-0.453403
-0.164283,-0.484079,-0.598137
-0.161194,0.508267,-0.615714
-0.163979,-0.520335,2.507583
-0.195559,-0.717003,2.085452
-0.106820,-0.624542,-0.418035
-0.177354,-0.573996,-0.665862
-0.156553,-0.371744,-0.545095
-0.187842,-0.393593,-0.664752
-0.155127,0.606634,0.606902
-0.125550,0.009731,-0.556373
-0.168601,1.405283,-0.683632
-0.153155,0.796764,0.451739
-0.191479,1.845660,-0.746756
-0.153992,-0.664033,-0.599873
-0.186624,2.575009,-0.651167
-0.110006,-0.751889,0.910972
-0.218322,1.783895,-0.740410
-0.185359,-0.490813,-0.676982
-0.126864,-0.616796,-0.489915
-0.153919,1.560474,-0.649971
-0.011236,1.334209,-0.230353
-0.181764,-0.624916,-0.693232
-0.114420,1.760261,-0.479237
-0.143637,-0.529203,-0.532255
-0.186389,-0.395853,2.176511
-0.160058,-0.553402,0.590884
-0.188186,0.822850,1.749233
-0.145310,-0.753232,0.498907
3.483384,1.405714,-0.674988
-0.122054,-0.618090,2.623189
-0.145272,0.231135,1.413604
-0.026772,0.906344,-0.299939
-0.171259,0.460128,-0.666864
-0.148230,-0.608994,-0.566634
-0.144796,-0.754574,-0.585995
-0.141137,0.653497,0.646540
-0.205128,-0.379809,-0.725181
-0.200315,1.878975,0.578495
-0.171074,1.394206,0.374841
-0.161054,-0.774884,-0.650137
0.003015,1.289986,-0.221160
-0.136402,-0.695990,-0.542317
-0.175891,-0.493357,2.148901
-0.139720,0.106745,-0.596812
-0.184120,-0.698365,1.915812
-0.146239,-0.882543,1.234821
-0.163543,1.774519,-0.670534
-0.145941,0.621463,-0.531422
-0.146964,1.716632,-0.584505
-0.196639,-0.769184,-0.779513
-0.190394,1.887022,-0.593620
-0.181930,-0.613618,-0.691360
-0.213357,1.593614,-0.862032
-0.153469,-1.000204,-0.671767
-0.010206,0.798871,0.386449
-0.140366,-0.819491,0.473017
-0.111151,1.407841,0.485902
-0.139040,-0.706273,-0.554259
-0.150221,-0.581891,2.434593
-0.208156,1.621318,-0.746282
-0.144697,-0.433650,-0.515163
-0.144226,1.364915,-0.623743
-0.144341,-0.728089,2.386111
-0.158179,-0.569498,1.904335
-0.132408,0.216173,0.370310
-0.074790,-0.188300,-0.388738
-0.181383,-0.348130,-0.631057
-0.183430,0.414227,-0.726790
-0.174447,-0.578516,1.401503
-0.072639,-1.134543,-0.404543
-0.149661,1.785756,-0.584288
-0.151243,-0.802731,1.410050
-0.108049,-1.284663,1.590204
-0.126850,-0.493887,-0.462878
-0.139015,0.564312,-0.512105
-0.124616,-0.031832,-0.560262
-0.193457,0.540644,-0.749287
-0.168475,-0.236415,2.528321
10.000000,-0.476184,-0.820617
-0.164798,-0.575035,0.579765
-0.109717,-0.735987,0.542973
-0.136297,0.438877,-0.522849
-0.079114,-0.929945,-0.383390
-0.046429,1.080888,0.705015
-0.116026,-0.717765,-0.472299
-0.025820,0.912070,0.393695
-0.156215,1.930778,-0.619836
-0.183256,-0.506090,2.446095
-0.167356,0.575505,-0.630599
-0.048267,-1.251267,-0.340703
2.601235,1.166366,-0.533151
-0.076035,1.079180,-0.430697
-0.139052,-0.598903,-0.530729
-0.183381,-0.215493,-0.609269
-0.157933,-0.525585,0.605367
0.061459,-1.482100,1.013838
-0.205838,-0.348502,-0.720913
-0.161275,-0.746178,1.649633
-0.114942,-0.640802,-0.451423
-0.138042,1.720074,0.418872
-0.172691,0.735055,2.298778
-0.156956,-0.605018,-0.597794
-0.199477,-0.506918,-0.732346
-0.148920,0.722702,-0.526721
-0.045151,0.497290,-0.424764
-0.123391,-0.939832,-0.548095
-0.118294,-0.869119,-0.513858
-0.155571,-0.576709,-0.586493
-0.137696,-0.000082,-0.607985
-0.194720,-0.533598,-0.720741
-0.034487,-1.443878,2.705367
-0.147421,-0.611504,-0.564217
-0.157913,-0.674733,2.126889
-0.141767,-0.446449,2.474795
-0.129598,-0.898483,0.450230
-0.067313,-1.212325,0.788963
-0.146188,-0.907616,-0.624709
0.056566,0.854190,-0.100156
-0.212352,0.596285,0.538596
-0.016239,0.482147,-0.327090
-0.129503,2.483030,-0.464884
-0.173618,-0.485623,-0.632744
-0.235985,-0.771288,0.959298
-0.150977,-0.590155,0.573679
-0.135803,-0.761951,-0.554601
-0.186732,-0.501851,2.454898
-0.128681,-0.893012,-0.557235
-0.149495,0.712005,2.457747
-0.144987,0.330568,2.546556
-0.023019,1.602615,-0.249579
-0.064049,-1.231519,-0.394303
-0.191086,-0.023995,-0.595508
-0.137796,-0.817655,2.449416
-0.041573,0.818238,-0.376141
-0.102205,1.734496,-0.482132
-0.142108,-0.815047,-0.589405
-0.132366,1.846956,0.453686
-0.183575,-0.542327,1.009403
-0.084162,0.109677,0.449153
-0.104066,-0.744154,-0.434189
-0.133192,-0.678738,0.542433
-0.156238,-0.638128,-0.602428
-0.186760,-0.351845,-0.651611
-0.112703,1.655316,-0.476276
-0.090063,1.722709,-0.442869
10.000000,1.326928,-0.650112
-0.087193,-1.083638,0.442886
-0.149425,-0.530312,-0.553743
-0.165327,1.500480,-0.638193
-0.132131,-0.850390,-0.560540
-0.123373,-0.715055,-0.498674
-0.112201,-0.944221,-0.507984
-0.133494,-0.658628,-0.523438
-0.192689,1.546319,-0.809806
-0.167705,-0.755115,-0.670209
-0.065670,1.031868,-0.397488
-0.162202,-0.889741,2.829747
3.555866,1.247689,-0.804793
-0.160228,-0.669661,0.531516
-0.149786,0.511936,2.780058
-0.171839,2.451839,-0.582380
-0.112746,-0.824314,-0.483656
-0.133947,-0.608007,0.574118
-0.120377,1.464719,-0.542337
0.003690,0.996041,-0.246123
-0.130360,-0.602336,-0.499574
-0.009882,1.093779,-0.286943
-0.147850,0.181055,0.454972
-0.145809,-0.616588,-0.559416
-0.088203,1.230772,-0.459890
-0.157573,-0.480283,-0.572671
-0.165987,-0.919713,-0.700043
-0.236057,-0.342073,-0.830431
-0.191556,-0.788089,-0.765007
-0.098515,-0.032134,0.368551
-0.166788,0.242355,0.445323
-0.113481,-0.813291,-0.483933
-0.032133,-1.170632,-0.263774
-0.045248,-0.601494,2.479545
-0.186574,-0.321987,-0.644373
-0.134350,1.871451,0.468140
-0.154469,-0.892502,0.812743
-0.134084,-0.853269,-0.568341
-0.153908,1.867799,-0.579071
-0.157668,-0.570885,-0.592914
-0.153574,-1.015756,1.513162
2.706942,-1.060472,-0.509210
-0.215178,-0.606071,-0.811755
-0.169885,-0.983427,0.762267
-0.173932,-0.459955,-0.628260
-0.070222,0.756612,0.624821
-0.166858,0.631224,-0.619079
-0.015469,1.294399,-0.244691
-0.176230,-0.402335,-0.624043
-0.171387,1.955175,-0.705282
-0.193328,2.070347,-0.710229
-0.165695,0.873792,-0.727653
-0.128859,-1.038856,-0.589910
-0.121651,0.119469,0.483871
-0.072675,1.324808,0.432123
-0.141716,-0.678962,-0.558087
-0.145618,-0.686575,-0.574082
-0.199561,-0.582157,1.007373
-0.051309,1.046239,0.400062
-0.186563,-0.675825,2.048479
-0.135951,-0.472595,1.950074
-0.141248,-0.388742,-0.492643
2.075213,0.293164,1.056785
-0.168062,-0.611991,-0.640096
-0.194651,-0.482322,0.657164
-0.178194,-0.451023,2.402481
2.100033,-1.620543,0.829632
-0.103056,-0.901218,-0.464970
-0.161247,-0.605011,-0.613545
-0.137798,-0.623570,-0.531540
-0.182096,0.942302,-0.696802
-0.202906,-0.210937,-0.679944
-0.215418,0.795057,-0.807215
-0.170785,2.222927,-0.658421
-0.123778,0.256401,-0.503755
-0.080468,-0.857010,-0.372345
-0.248099,-0.535539,0.806783
-0.163601,1.957851,-0.606340
-0.137383,-0.664182,2.448026
-0.129602,-0.644471,-0.506041
-0.128011,-1.062771,0.384272
-0.061289,1.406753,-0.355470
-0.160368,-0.883552,-0.671478
3.764695,-0.349919,-0.590452
-0.157471,-0.603683,2.394156
-0.130410,0.205350,-0.540420
-0.178924,-0.396175,0.689972
-0.059461,-1.159402,-0.361626
-0.157020,0.508150,-0.597993
-0.185518,-0.676394,2.590310
-0.012614,-0.906763,-0.349206
-0.169284,-0.483211,1.453638
-0.179017,-0.500078,-0.655738
-0.210898,-0.881204,0.832425
-0.137538,-0.573781,0.587732
-0.153728,1.471987,0.872866
-0.181752,-0.317432,2.018187
-0.174310,-0.578742,-0.655729
-0.097268,-1.046640,-0.475655
-0.179494,-0.875085,-0.739830
-0.114571,-0.661017,-0.454499
-0.188043,0.821932,-0.680442
-0.200887,-0.761032,-0.793316
-0.223329,-0.292496,1.905294
-0.163811,-0.410761,2.705296
-0.212555,-0.471316,-0.772535
-0.079157,1.025447,-0.445083
-0.156238,-0.668575,-0.609112
-0.164555,0.707998,-0.596311
-0.089979,-0.902573,-0.417264
-0.148828,0.654528,1.430685
-0.163278,-0.853382,2.376853
-0.163078,-0.673961,-0.635406
-0.198303,-1.157713,0.669372
-0.107863,-0.769525,0.531583
-0.140040,-0.693730,2.017246
-0.094502,1.331753,-0.481072
-0.165432,-0.379140,-0.579311
-0.101827,-0.812008,-0.440869
-0.216405,-0.461168,0.724031
-0.188256,-0.717392,-0.737367
-0.172805,0.632464,-0.708227
-0.126463,-0.808870,-0.530616
-0.184885,-0.155813,-0.601687
-0.171104,-0.491132,-0.624726
-0.093715,1.222806,-0.427397
-0.127294,-0.634413,2.100627
-0.170142,1.817032,0.661226
-0.174372,-0.746972,2.603918
-0.137862,0.177739,0.472475
-0.199913,-0.396139,-0.709620
-0.183406,-0.927542,-0.765708
-0.191544,-0.928759,-0.795847
-0.187713,-0.727897,-0.737680
-0.078715,-1.122993,-0.424312
-0.101962,1.338517,0.400329
-0.063858,1.271173,-0.385778
-0.117769,0.066292,-0.514077
-0.056158,-0.555744,0.419871
-0.152197,-0.376666,-0.530184
-0.174600,2.040927,-0.641273
-0.182820,-0.770047,-0.728973
-0.089889,-1.087018,-0.457431
-0.199996,0.144262,-0.591268
-0.209199,-0.244847,0.876670
-0.170503,-0.974784,1.613801
-0.181767,-0.918968,2.161803
-0.166519,-0.478036,2.563998
-0.141563,0.427676,-0.546874
-0.252617,0.684912,1.678896
-0.051832,1.042290,-0.380467
-0.094614,0.073876,-0.600458
-0.206913,2.318806,-0.702248
-0.015901,0.892928,-0.312829
-0.165914,-0.699019,2.405954
-0.170385,-0.455715,-0.614308
-0.143979,-0.691327,-0.569108
-0.180630,-0.874663,-0.743907
-0.144667,0.475154,-0.551535
-0.146749,-0.571910,0.584132
-0.090980,0.979961,1.081808
-0.199524,2.006763,0.834200
-0.171243,0.357770,0.876816
-0.193201,-0.558841,1.578053
-0.108742,1.363184,-0.533865
-0.157083,0.273901,1.102440
-0.148479,2.311884,0.466999
-0.192650,-0.261909,-0.653486
-0.171943,-0.689757,2.320719
-0.115109,-0.730378,1.152218
-0.106226,-0.994109,-0.497004
-0.144058,-0.482959,2.422647
-0.078838,0.759224,-0.464161
-0.210649,-0.671682,-0.809533
-0.068321,-0.171093,2.563074
-0.162712,-0.704705,-0.640813
-0.171313,-0.690634,-0.669295
-0.098589,-1.170265,-0.507647
-0.081448,1.665291,0.452778
-0.204563,-0.607938,-0.773195
-0.107554,1.840050,-0.475975
-0.128464,-0.528782,-0.476462
-0.246948,1.684835,-0.921301
-0.236948,-0.911478,-0.958726
-0.155903,-0.689235,-0.612420
-0.237216,-0.431374,1.707454
-0.176289,1.836577,-0.646772
-0.143037,-0.694107,2.701881
-0.132967,-0.518989,0.616305
-0.126018,-0.963305,2.612389
-0.165508,-0.468560,-0.599224
-0.196705,-0.353224,1.732846
-0.141602,2.574359,0.624743
3.244723,-0.817550,2.447325
-0.146687,1.106542,0.369700
-0.166890,-0.581522,-0.629103
-0.214975,1.734536,-0.821535
-0.123646,0.223694,0.516787
-0.195428,-0.323384,-0.677184
-0.047600,1.125780,0.986861
-0.048462,0.675420,0.861572
-0.175534,-0.963814,1.535780
-0.128013,1.038061,0.414618
-0.176748,-0.516174,-0.650941
-0.186979,-0.436352,1.509006
-0.200791,-0.013869,-0.628908
-0.132822,-0.612376,-0.510817
-0.156108,-0.638452,2.590283
-0.147062,-0.581438,-0.556298
-0.113635,-0.692421,-0.457958
-0.180586,-0.690472,1.340633
-0.197021,-0.412263,-0.702546
-0.155157,-0.933244,1.343771
-0.168035,-0.384238,-0.589986
2.705752,1.478646,0.760029
-0.173766,-0.521679,1.870503
-0.139496,1.031822,-0.608550
-0.136400,-0.588448,-0.518698
-0.145054,-0.790066,-0.594733
2.375466,0.962556,-0.441404
-0.138812,-0.599779,0.574712
-0.107566,-0.803968,-0.460173
-0.038156,1.119178,-0.394772
-0.091923,-0.960529,-0.437125
-0.138078,-0.428122,-0.489655
-0.105768,1.460707,-0.521883
-0.166761,-0.259280,-0.557872
-0.151120,-0.757470,-0.609846
-0.140262,-0.498517,-0.513128
-0.125212,-0.752705,-0.513693
-0.130372,-0.761391,0.508321
-0.160694,-0.668673,2.326514
2.959975,-0.685331,-0.454840
-0.096565,1.359072,-0.470561
-0.195537,-0.818550,2.329471
-0.053356,0.628372,0.394375
-0.172325,-0.582131,-0.649186
-0.221752,2.404930,-0.762396
-0.166018,-0.454798,-0.598075
-0.200058,2.377780,-0.685891
-0.111169,-0.878341,-0.489727
-0.123402,-0.572686,-0.467522
-0.171257,-0.730872,1.450512
-0.198774,-0.070160,-0.633865
-0.100811,-0.321803,-0.518615
-0.193250,-0.469999,2.195313
-0.120997,-0.802175,2.263940
-0.119478,-0.639018,-0.467681
-0.185522,-0.528012,1.957440
-0.200266,-0.480379,2.149208
-0.142832,1.939884,-0.546158
3.013383,2.202989,-0.462598
-0.166205,0.152021,-0.698921
-0.167020,-1.206350,-0.766774
-0.082442,-1.020950,-0.415587
-0.188694,-0.512453,-0.693978
-0.102082,-1.119612,1.510475
-0.147079,-1.070723,-0.663793
-0.125380,-0.689099,0.925953
-0.170163,0.549950,-0.646953
-0.141675,1.650480,0.993006
-0.120161,-0.645439,-0.471597
-0.180725,-0.603688,2.652156
-0.156329,1.269660,-0.654195
-0.119608,-0.856597,-0.515933
-0.159645,-0.739625,1.442489
-0.163071,-0.556843,-0.609666
-0.177487,-0.465237,-0.642469
-0.100272,-0.786389,-0.429536
-0.179867,-0.291583,-0.613076
0.033762,-0.566256,-0.140880
-0.147064,0.492423,-0.558605
-0.146574,0.412709,-0.570538
-0.128927,-1.131986,-0.610610
-0.140212,-0.563565,-0.527227
-0.230128,0.803631,2.178861
-0.093210,1.909469,0.480480
-0.153098,0.187102,0.447717
-0.122592,0.313309,-0.488491
-0.166924,-0.536255,2.470895
-0.063372,1.333469,-0.377680
3.309473,1.737450,-0.652295
-0.210768,-0.018487,-0.666547
-0.134114,1.838579,-0.572084
-0.192298,1.055285,-0.788726
-0.082849,1.689858,-0.401249
-0.199449,1.925233,-0.687453
-0.226544,-0.463965,1.179926
-0.181712,-0.417805,-0.647566
-0.110872,0.215824,0.539990
-0.148692,0.330127,-0.594012
-0.155424,-1.021183,-0.683548
-0.158530,1.859239,0.478465
-0.075229,1.676463,0.437243
-0.148045,-0.764694,2.238553
2.616161,1.519557,0.757935
-0.158659,-0.806580,-0.648305
-0.104443,1.526845,-0.456853
-0.114897,1.680251,0.829762
-0.171543,-0.710572,1.323473
-0.134554,-0.826647,-0.564221
-0.156691,0.466240,-0.603845
-0.155664,-0.766252,-0.628455
-0.125183,-0.787560,-0.521240
-0.188082,-1.126333,1.975431
-0.183261,-0.468092,-0.664294
-0.156906,-0.421712,-0.557360
-0.169500,-0.693276,-0.663222
-0.098633,-0.872978,-0.442533
-0.157531,-0.549234,-0.587657
-0.174079,1.871446,-0.631494
-0.010951,-1.167024,-0.331963
-0.112081,0.693518,-0.441828
-0.191004,1.583424,-0.699240
-0.163584,-0.210080,-0.535408
-0.166926,-0.501079,-0.611571
-0.169373,-0.620360,-0.646745
-0.052238,-1.309211,-0.368005
-0.075654,-0.881092,-0.359960
-0.048290,1.207348,-0.355897
-0.132341,-0.643620,-0.515911
-0.138360,-0.660875,-0.541796
0.011418,-1.543540,1.059346
-0.196723,-0.922445,1.217698
-0.048662,1.346599,0.998375
3.238755,1.737931,-0.714567
-0.246906,-0.436298,-0.890945
-0.102715,0.778812,-0.603201
-0.101207,-0.968113,-0.472870
-0.030141,0.704104,0.363854
-0.198055,-0.520022,-0.730002
-0.134574,-0.774565,-0.552860
-0.134676,-0.834798,-0.566459
-0.152795,-0.626594,2.440805
-0.160683,0.546210,0.574574
-0.175033,2.245523,-0.611225
-0.141563,-0.630463,0.558595
-0.150518,-0.786282,-0.613961
-0.094396,-0.860323,-0.424200
-0.106152,-0.904707,-0.477099
-0.241867,-0.802094,1.205303
-0.173575,-0.666837,-0.672374
-0.181459,-0.679244,-0.704042
-0.068908,0.587639,-0.502661
-0.181938,-0.301618,-0.622884
-0.207336,1.760295,-0.820470
-0.135343,-0.612660,-0.520131
-0.215705,0.853812,-0.799843
-0.144420,-0.690039,-0.570443
-0.168855,-0.663528,-0.654323
-0.165890,-0.467508,-0.600395
-0.099970,-0.072234,-0.467733
-0.108383,-0.800601,-0.462431
-0.169132,-0.819145,-0.689508
-0.171988,2.132788,-0.632845
0.066813,0.557493,-0.080860
-0.147053,-0.930535,2.339330
-0.106769,1.541127,0.863158
-0.099586,0.517086,-0.463416
-0.108003,-0.637069,-0.425130
-0.151695,-0.499959,2.221290
-0.140919,-0.592160,-0.536099
-0.107526,-0.762563,-0.450934
-0.135993,1.360604,-0.633531
-0.167289,0.491357,-0.644590
-0.148640,-0.834746,-0.617708
-0.206908,-0.667936,-0.794979
-0.172364,-0.636846,-0.661344
-0.148309,-0.717483,-0.590747
-0.114432,-0.898157,0.470083
-0.142309,-0.733764,-0.572296
-0.151574,0.623133,-0.555062
-0.168639,1.789187,0.528007
-0.204854,1.969108,-0.706516
-0.192330,1.615420,-0.737951
-0.185021,-0.528564,-0.684032
0.008859,0.757912,-0.275362
-0.154012,-0.787978,-0.627162
-0.101262,-0.938339,-0.466536
-0.160849,1.490983,-0.649459
-0.142759,-0.994263,1.813064
-0.179756,0.604327,2.549805
-0.112303,-0.784657,-0.473322
-0.170196,-0.692241,-0.665548
-0.101981,-0.778685,-0.434119
-0.104600,0.862063,-0.579234
-0.183457,-0.600835,-0.694158
-0.200825,-0.641334,2.143843
-0.183812,-0.611820,0.967373
-0.153466,-0.505379,-0.563106
-0.224410,2.153159,-0.755243
-0.168846,0.460135,0.922814
-0.086292,0.977921,0.329878
-0.090137,-1.003451,-0.439992
-0.085640,1.366270,-0.416668
-0.144173,-0.471038,-0.521451
-0.142243,-0.555970,2.583600
-0.159106,1.824302,-0.635467
-0.194425,-0.258819,1.227578
2.998411,-0.647822,-0.454791
-0.180986,-0.557384,-0.675547
-0.125335,-0.829377,0.484543
-0.144178,-0.886910,2.413133
-0.181333,-0.647250,-0.696552
-0.231103,-0.345423,0.896646
-0.168306,1.931346,-0.631197
-0.093650,-0.010628,-0.430540
-0.094518,-0.897971,-0.432915
-0.201373,-0.334017,-0.701340
-0.141211,2.443525,-0.570966
-0.103392,-0.876766,0.494740
-0.181284,0.444121,2.664699
-0.162318,-0.389699,-0.570198
-0.193141,1.857723,-0.643441
-0.151695,-0.639832,-0.586127
-0.135184,0.193113,-0.562373
-0.161588,-0.614874,-0.616961
-0.101224,1.669002,-0.399852
-0.130028,0.111638,0.464059
-0.115144,-0.831666,-0.494072
-0.156290,1.112502,-0.665230
-0.178901,-0.368303,2.334363
-0.191672,-0.280432,2.331445
-0.005230,0.685088,0.807949
-0.219696,0.849516,-0.818705
-0.051429,-0.699015,-0.396089
0.050321,0.425416,0.438705
-0.132658,-0.832079,-0.558455
-0.040612,-0.473150,-0.308826
-0.171430,-0.957536,1.190957
-0.150217,-0.527603,-0.556057
-0.203711,-0.687951,-0.787638
-0.189148,-0.486589,-0.689966
-0.163635,-0.662672,-0.634971
-0.136900,-1.095039,-0.631765
2.376903,0.629981,-0.369257
-0.171465,-0.769562,-0.687183
-0.096472,-0.026273,1.884512
-0.119033,1.478881,0.511280
-0.141600,-0.850719,-0.595373
-0.197133,-0.706697,-0.767606
-0.051588,1.196817,0.427640
-0.194058,-0.084011,3.231872
-0.188791,-0.706789,-0.737003
-0.231912,-0.677857,-0.888946
-0.171849,0.385658,-0.682100
-0.215105,2.310536,-0.728137
-0.169105,1.245784,-0.712738
-0.084632,1.490182,-0.435130
-0.176899,1.221285,-0.716461
-0.148942,-0.975444,1.438604
-0.191545,0.356388,2.411759
-0.159925,-0.831526,0.452822
-0.199351,1.019154,1.846218
-0.181787,-0.750794,0.885360
-0.121665,-0.765597,-0.503504
-0.135942,-0.839776,-0.572202
-0.156237,1.475840,0.758488
-0.035170,-0.405737,-0.274071
-0.222698,-0.580729,2.012542
-0.174267,-0.393623,-0.614924
-0.089335,-1.013659,-0.439291
-0.167289,1.758146,-0.644590
10.000000,2.043932,-0.806688
-0.072096,0.935275,-0.449566
-0.010498,0.768976,-0.302972
-0.132712,-0.840354,-0.560471
-0.127067,-0.772475,3.140023
-0.168652,-0.508809,-0.619606
-0.248951,-0.428884,-0.896825
-0.167705,-0.205738,-0.769245
-0.136340,1.143662,-0.533777
-0.155444,-0.690295,-0.610967
-0.070042,1.249769,0.444795
-0.144849,-0.420806,-0.715237
-0.154194,-0.769260,1.289113
-0.111370,-0.861765,-0.486826
-0.137308,1.496976,-0.628300
-0.225579,1.775847,-0.848533
-0.118495,-0.785935,-0.496332
-0.135462,-1.061331,-0.619085
-0.178967,-0.627916,2.678144
-0.203950,-0.891637,-0.833240
-0.171033,-0.691030,-0.668355
-0.061705,1.034636,-0.460697
-0.206782,-0.547464,0.635551
-0.177777,-0.477340,-0.646191
0.051715,0.712701,-0.144950
-0.061237,1.396471,0.763290
-0.123099,-0.688883,-0.491924
-0.140328,-0.878976,-0.596907
-0.104073,-1.113439,-0.515302
-0.145065,-0.833978,0.845597
-0.125716,0.736723,-0.490987
-0.160051,1.994104,-0.638543
-0.129405,1.869836,-0.546785
2.935746,1.634863,0.419416
-0.114357,-1.019027,-0.532320
-0.139790,-0.759188,-0.568631
-0.133159,-0.706874,-0.532801
-0.125850,-0.138873,-0.585229
-0.117264,1.950589,0.579085
-0.207121,2.152521,-0.641726
-0.245274,-0.538192,-0.907327
-0.131201,-0.547892,-0.490708
-0.116053,-0.844652,-0.500261
0.002342,-1.733179,-0.260738
-0.179239,1.741524,-0.709792
-0.164781,-0.710899,-0.649767
-0.144351,2.067461,-0.514223
-0.197095,-0.180998,0.882541
-0.163007,-0.557003,0.589126
-0.156059,1.393199,0.608358
-0.104520,-0.948561,-0.480738
-0.119260,1.633641,-0.490952
-0.186023,-0.953744,-0.781068
-0.196903,2.204206,-0.655623
-0.112498,-0.758483,-0.468289
-0.216167,-0.186141,2.271337
-0.191235,-0.695672,2.140471
-0.185389,1.463083,0.458630
-0.221758,-0.497897,-0.812156
-0.188332,0.718363,2.282272
-0.096910,1.654366,-0.460634
-0.159326,1.029092,-0.520913
-0.151327,1.748803,-0.551823
-0.125222,0.017121,-0.553661
-0.163722,-0.521003,-0.604184
-0.130732,1.350141,-0.589265
-0.157054,-0.528191,-0.581285
-0.213114,2.090880,-0.786741
-0.126177,-0.629360,-0.490153
-0.154159,-0.569966,3.085392
-0.150475,0.600075,2.297271
-0.158618,-0.877436,-0.663710
-0.038752,1.011388,-0.339431
-0.124277,0.314605,0.548270
-0.118097,-0.700206,-0.476048
-0.093090,-0.803484,-0.406926
-0.177817,1.261822,-0.747357
-0.192484,0.966471,2.398808
-0.109132,1.961567,-0.469906
-0.145295,-0.648383,-0.564511
-0.135441,-0.824148,-0.566930
-0.108074,-0.627465,0.590493
-0.135366,0.247440,2.166491
-0.176014,1.706309,0.569721
-0.165063,0.711832,0.636619
-0.150312,1.335738,-0.617254
-0.149218,-0.616291,-0.571865
-0.154838,0.506945,-0.588943
-0.152793,-0.507632,-0.561129
-0.203905,-0.533314,-0.754396
-0.123129,0.384754,0.742843
0.057475,0.705848,-0.145574
-0.145056,-0.478950,0.630692
-0.156305,-0.596130,2.169632
-0.137940,1.028562,-0.738865
-0.132781,-0.735570,-0.537715
-0.165395,-0.638464,1.360907
-0.129539,1.663597,-0.545339
-0.166189,-0.668127,-0.645546
-0.103157,1.442543,0.809286
-0.092931,0.408763,0.400840
-0.036357,-1.202150,-0.286199
-0.130975,1.122602,-0.573052
-0.182987,-0.719756,-0.718545
-0.127387,-0.872473,-0.547974
-0.106325,1.329114,-0.542551
-0.108004,-0.897797,-0.482382
-0.174268,-0.686710,0.521655
-0.163979,-0.587893,-0.619815
-0.208336,-0.798577,-0.828905
-0.137047,-0.616316,-0.527191
-0.135870,-0.848411,0.464695
-0.161226,-0.793152,-0.654777
-0.147882,-0.670408,2.636460
-0.131447,-0.646996,-0.513372
-0.124590,-0.936373,-0.551737
-0.123099,1.616264,-0.479596
0.027679,0.156367,-0.194538
-0.164784,1.809493,-0.645401
-0.063089,1.532046,-0.354573
-0.147784,-0.536000,-0.548970
-0.163648,-0.485843,1.025276
-0.198499,-0.769980,-0.786516
-0.220295,2.388792,-0.779675
-0.192570,-0.401761,0.707003
-0.130915,0.961915,-0.473431
-0.023192,0.693236,-0.263420
-0.085857,1.595685,0.426527
-0.069869,-0.080592,-0.348309
-0.178261,-0.572689,-0.668906
-0.210238,-0.332685,-0.733590
-0.143058,0.685666,-0.508105